/*
 Navicat MySQL Data Transfer

 Source Server         : fhadmin
 Source Server Type    : MySQL
 Source Server Version : 50635
 Source Host           : localhost
 Source Database       : hkadminbpm

 Target Server Type    : MySQL
 Target Server Version : 50635
 File Encoding         : utf-8

 Date: 06/14/2017 16:40:04 PM
*/

SET NAMES utf8mb4;
SET FOREIGN_KEY_CHECKS = 0;

-- ----------------------------
--  Table structure for `ACT_EVT_LOG`
-- ----------------------------
DROP TABLE IF EXISTS `ACT_EVT_LOG`;
CREATE TABLE `ACT_EVT_LOG` (
  `LOG_NR_` bigint(20) NOT NULL AUTO_INCREMENT,
  `TYPE_` varchar(64) COLLATE utf8_bin DEFAULT NULL,
  `PROC_DEF_ID_` varchar(64) COLLATE utf8_bin DEFAULT NULL,
  `PROC_INST_ID_` varchar(64) COLLATE utf8_bin DEFAULT NULL,
  `EXECUTION_ID_` varchar(64) COLLATE utf8_bin DEFAULT NULL,
  `TASK_ID_` varchar(64) COLLATE utf8_bin DEFAULT NULL,
  `TIME_STAMP_` timestamp(3) NOT NULL DEFAULT CURRENT_TIMESTAMP(3) ON UPDATE CURRENT_TIMESTAMP(3),
  `USER_ID_` varchar(255) COLLATE utf8_bin DEFAULT NULL,
  `DATA_` longblob,
  `LOCK_OWNER_` varchar(255) COLLATE utf8_bin DEFAULT NULL,
  `LOCK_TIME_` timestamp(3) NULL DEFAULT NULL,
  `IS_PROCESSED_` tinyint(4) DEFAULT '0',
  PRIMARY KEY (`LOG_NR_`)
) ENGINE=InnoDB DEFAULT CHARSET=utf8 COLLATE=utf8_bin;

-- ----------------------------
--  Table structure for `ACT_GE_BYTEARRAY`
-- ----------------------------
DROP TABLE IF EXISTS `ACT_GE_BYTEARRAY`;
CREATE TABLE `ACT_GE_BYTEARRAY` (
  `ID_` varchar(64) COLLATE utf8_bin NOT NULL DEFAULT '',
  `REV_` int(11) DEFAULT NULL,
  `NAME_` varchar(255) COLLATE utf8_bin DEFAULT NULL,
  `DEPLOYMENT_ID_` varchar(64) COLLATE utf8_bin DEFAULT NULL,
  `BYTES_` longblob,
  `GENERATED_` tinyint(4) DEFAULT NULL,
  PRIMARY KEY (`ID_`),
  KEY `ACT_FK_BYTEARR_DEPL` (`DEPLOYMENT_ID_`),
  CONSTRAINT `act_ge_bytearray_ibfk_1` FOREIGN KEY (`DEPLOYMENT_ID_`) REFERENCES `ACT_RE_DEPLOYMENT` (`ID_`)
) ENGINE=InnoDB DEFAULT CHARSET=utf8 COLLATE=utf8_bin;

-- ----------------------------
--  Records of `ACT_GE_BYTEARRAY`
-- ----------------------------
BEGIN;
INSERT INTO `ACT_GE_BYTEARRAY` VALUES ('12502', '4', 'source', null, 0x7b227265736f757263654964223a223132353031222c2270726f70657274696573223a7b2270726f636573735f6964223a22e69caae5ae9ae4b989222c226e616d65223a22222c22646f63756d656e746174696f6e223a22222c2270726f636573735f617574686f72223a22222c2270726f636573735f76657273696f6e223a22222c2270726f636573735f6e616d657370616365223a22687474703a2f2f7777772e61637469766974692e6f72672f70726f63657373646566222c22657865637574696f6e6c697374656e657273223a22222c226576656e746c697374656e657273223a22222c227369676e616c646566696e6974696f6e73223a22222c226d657373616765646566696e6974696f6e73223a22227d2c227374656e63696c223a7b226964223a2242504d4e4469616772616d227d2c226368696c64536861706573223a5b7b227265736f757263654964223a227369642d30463345453844312d364145412d343341392d383634442d444346373041333537443646222c2270726f70657274696573223a7b226f766572726964656964223a22222c226e616d65223a22222c22646f63756d656e746174696f6e223a22222c22657865637574696f6e6c697374656e657273223a22222c22696e69746961746f72223a22222c22666f726d6b6579646566696e6974696f6e223a22222c22666f726d70726f70657274696573223a22227d2c227374656e63696c223a7b226964223a2253746172744e6f6e654576656e74227d2c226368696c64536861706573223a5b5d2c226f7574676f696e67223a5b7b227265736f757263654964223a227369642d41323837443432362d333243312d344445372d383733312d393335324236363136423042227d5d2c22626f756e6473223a7b226c6f7765725269676874223a7b2278223a3133352c2279223a39307d2c2275707065724c656674223a7b2278223a3130352c2279223a36307d7d2c22646f636b657273223a5b5d7d2c7b227265736f757263654964223a227369642d35364441444538342d394631442d343837442d423142452d303433324135413830314539222c2270726f70657274696573223a7b226f766572726964656964223a22222c226e616d65223a22222c22646f63756d656e746174696f6e223a22222c226173796e6368726f6e6f7573646566696e6974696f6e223a2266616c7365222c226578636c7573697665646566696e6974696f6e223a2266616c7365222c22657865637574696f6e6c697374656e657273223a22222c226d756c7469696e7374616e63655f74797065223a224e6f6e65222c226d756c7469696e7374616e63655f63617264696e616c697479223a22222c226d756c7469696e7374616e63655f636f6c6c656374696f6e223a22222c226d756c7469696e7374616e63655f7661726961626c65223a22222c226d756c7469696e7374616e63655f636f6e646974696f6e223a22222c226973666f72636f6d70656e736174696f6e223a2266616c7365222c22757365727461736b61737369676e6d656e74223a22222c22666f726d6b6579646566696e6974696f6e223a22222c2264756564617465646566696e6974696f6e223a22222c227072696f72697479646566696e6974696f6e223a22222c22666f726d70726f70657274696573223a22222c227461736b6c697374656e657273223a22227d2c227374656e63696c223a7b226964223a22557365725461736b227d2c226368696c64536861706573223a5b5d2c226f7574676f696e67223a5b7b227265736f757263654964223a227369642d32354334373737322d363331422d343735322d414635302d314444463244303446444632227d2c7b227265736f757263654964223a227369642d30394635363338362d464431382d344146382d423544432d373335443443443041443543227d5d2c22626f756e6473223a7b226c6f7765725269676874223a7b2278223a3239352c2279223a3233307d2c2275707065724c656674223a7b2278223a3139352c2279223a3135307d7d2c22646f636b657273223a5b5d7d2c7b227265736f757263654964223a227369642d41323837443432362d333243312d344445372d383733312d393335324236363136423042222c2270726f70657274696573223a7b226f766572726964656964223a22222c226e616d65223a22222c22646f63756d656e746174696f6e223a22222c22636f6e646974696f6e73657175656e6365666c6f77223a22222c22657865637574696f6e6c697374656e657273223a22222c2264656661756c74666c6f77223a2266616c7365227d2c227374656e63696c223a7b226964223a2253657175656e6365466c6f77227d2c226368696c64536861706573223a5b5d2c226f7574676f696e67223a5b7b227265736f757263654964223a227369642d35364441444538342d394631442d343837442d423142452d303433324135413830314539227d5d2c22626f756e6473223a7b226c6f7765725269676874223a7b2278223a3234352c2279223a3134392e34363837357d2c2275707065724c656674223a7b2278223a3133352e363438343337352c2279223a37357d7d2c22646f636b657273223a5b7b2278223a31352c2279223a31357d2c7b2278223a3234352c2279223a37357d2c7b2278223a35302c2279223a34307d5d2c22746172676574223a7b227265736f757263654964223a227369642d35364441444538342d394631442d343837442d423142452d303433324135413830314539227d7d2c7b227265736f757263654964223a227369642d36313030453346302d383130422d344230302d384331442d343335314234424232334231222c2270726f70657274696573223a7b226f766572726964656964223a22222c226e616d65223a22222c22646f63756d656e746174696f6e223a22222c226173796e6368726f6e6f7573646566696e6974696f6e223a2266616c7365222c226578636c7573697665646566696e6974696f6e223a2266616c7365222c22657865637574696f6e6c697374656e657273223a22222c226d756c7469696e7374616e63655f74797065223a224e6f6e65222c226d756c7469696e7374616e63655f63617264696e616c697479223a22222c226d756c7469696e7374616e63655f636f6c6c656374696f6e223a22222c226d756c7469696e7374616e63655f7661726961626c65223a22222c226d756c7469696e7374616e63655f636f6e646974696f6e223a22222c226973666f72636f6d70656e736174696f6e223a2266616c7365222c22757365727461736b61737369676e6d656e74223a22222c22666f726d6b6579646566696e6974696f6e223a22222c2264756564617465646566696e6974696f6e223a22222c227072696f72697479646566696e6974696f6e223a22222c22666f726d70726f70657274696573223a22222c227461736b6c697374656e657273223a22227d2c227374656e63696c223a7b226964223a22557365725461736b227d2c226368696c64536861706573223a5b5d2c226f7574676f696e67223a5b7b227265736f757263654964223a227369642d43363939443036322d343746422d344130332d414234392d334330343043373539383232227d5d2c22626f756e6473223a7b226c6f7765725269676874223a7b2278223a3139362c2279223a3131357d2c2275707065724c656674223a7b2278223a39362c2279223a33357d7d2c22646f636b657273223a5b5d7d2c7b227265736f757263654964223a227369642d32354334373737322d363331422d343735322d414635302d314444463244303446444632222c2270726f70657274696573223a7b226f766572726964656964223a22222c226e616d65223a22222c22646f63756d656e746174696f6e223a22222c22636f6e646974696f6e73657175656e6365666c6f77223a22222c22657865637574696f6e6c697374656e657273223a22222c2264656661756c74666c6f77223a2266616c7365227d2c227374656e63696c223a7b226964223a2253657175656e6365466c6f77227d2c226368696c64536861706573223a5b5d2c226f7574676f696e67223a5b7b227265736f757263654964223a227369642d36313030453346302d383130422d344230302d384331442d343335314234424232334231227d5d2c22626f756e6473223a7b226c6f7765725269676874223a7b2278223a3139342e352c2279223a3139307d2c2275707065724c656674223a7b2278223a3134362c2279223a3131352e35333132357d7d2c22646f636b657273223a5b7b2278223a35302c2279223a34307d2c7b2278223a3134362c2279223a3139307d2c7b2278223a35302c2279223a34307d5d2c22746172676574223a7b227265736f757263654964223a227369642d36313030453346302d383130422d344230302d384331442d343335314234424232334231227d7d2c7b227265736f757263654964223a227369642d39434237374630462d364237362d344432462d394530312d384242414136454137304536222c2270726f70657274696573223a7b226f766572726964656964223a22222c226e616d65223a22222c22646f63756d656e746174696f6e223a22222c22657865637574696f6e6c697374656e657273223a22227d2c227374656e63696c223a7b226964223a22456e644e6f6e654576656e74227d2c226368696c64536861706573223a5b5d2c226f7574676f696e67223a5b5d2c22626f756e6473223a7b226c6f7765725269676874223a7b2278223a3439332c2279223a38397d2c2275707065724c656674223a7b2278223a3436352c2279223a36317d7d2c22646f636b657273223a5b5d7d2c7b227265736f757263654964223a227369642d43363939443036322d343746422d344130332d414234392d334330343043373539383232222c2270726f70657274696573223a7b226f766572726964656964223a22222c226e616d65223a22222c22646f63756d656e746174696f6e223a22222c22636f6e646974696f6e73657175656e6365666c6f77223a22222c22657865637574696f6e6c697374656e657273223a22222c2264656661756c74666c6f77223a2266616c7365227d2c227374656e63696c223a7b226964223a2253657175656e6365466c6f77227d2c226368696c64536861706573223a5b5d2c226f7574676f696e67223a5b7b227265736f757263654964223a227369642d39434237374630462d364237362d344432462d394530312d384242414136454137304536227d5d2c22626f756e6473223a7b226c6f7765725269676874223a7b2278223a3436342e393932313837352c2279223a37357d2c2275707065724c656674223a7b2278223a3139362e343239363837352c2279223a37357d7d2c22646f636b657273223a5b7b2278223a35302c2279223a34307d2c7b2278223a31342c2279223a31347d5d2c22746172676574223a7b227265736f757263654964223a227369642d39434237374630462d364237362d344432462d394530312d384242414136454137304536227d7d2c7b227265736f757263654964223a227369642d31314544313242302d354235312d344235422d423835372d374132383638384230324334222c2270726f70657274696573223a7b226f766572726964656964223a22222c226e616d65223a22222c22646f63756d656e746174696f6e223a22222c226173796e6368726f6e6f7573646566696e6974696f6e223a2266616c7365222c226578636c7573697665646566696e6974696f6e223a2266616c7365222c22657865637574696f6e6c697374656e657273223a22222c226d756c7469696e7374616e63655f74797065223a224e6f6e65222c226d756c7469696e7374616e63655f63617264696e616c697479223a22222c226d756c7469696e7374616e63655f636f6c6c656374696f6e223a22222c226d756c7469696e7374616e63655f7661726961626c65223a22222c226d756c7469696e7374616e63655f636f6e646974696f6e223a22222c226973666f72636f6d70656e736174696f6e223a2266616c7365222c22757365727461736b61737369676e6d656e74223a22222c22666f726d6b6579646566696e6974696f6e223a22222c2264756564617465646566696e6974696f6e223a22222c227072696f72697479646566696e6974696f6e223a22222c22666f726d70726f70657274696573223a22222c227461736b6c697374656e657273223a22227d2c227374656e63696c223a7b226964223a22557365725461736b227d2c226368696c64536861706573223a5b5d2c226f7574676f696e67223a5b7b227265736f757263654964223a227369642d33383038364633412d323742302d344634302d423244412d453930424544424244414442227d5d2c22626f756e6473223a7b226c6f7765725269676874223a7b2278223a3433302c2279223a3138357d2c2275707065724c656674223a7b2278223a3333302c2279223a3130357d7d2c22646f636b657273223a5b5d7d2c7b227265736f757263654964223a227369642d30394635363338362d464431382d344146382d423544432d373335443443443041443543222c2270726f70657274696573223a7b226f766572726964656964223a22222c226e616d65223a22222c22646f63756d656e746174696f6e223a22222c22636f6e646974696f6e73657175656e6365666c6f77223a22222c22657865637574696f6e6c697374656e657273223a22222c2264656661756c74666c6f77223a2266616c7365227d2c227374656e63696c223a7b226964223a2253657175656e6365466c6f77227d2c226368696c64536861706573223a5b5d2c226f7574676f696e67223a5b7b227265736f757263654964223a227369642d31314544313242302d354235312d344235422d423835372d374132383638384230324334227d5d2c22626f756e6473223a7b226c6f7765725269676874223a7b2278223a3332392e343239363837352c2279223a3134392e3632357d2c2275707065724c656674223a7b2278223a3234352c2279223a3134357d7d2c22646f636b657273223a5b7b2278223a35302c2279223a34307d2c7b2278223a3234352c2279223a3134357d2c7b2278223a35302c2279223a34307d5d2c22746172676574223a7b227265736f757263654964223a227369642d31314544313242302d354235312d344235422d423835372d374132383638384230324334227d7d2c7b227265736f757263654964223a227369642d32363131353943442d303145382d344646422d393839342d374244394345364338313638222c2270726f70657274696573223a7b226f766572726964656964223a22222c226e616d65223a22222c22646f63756d656e746174696f6e223a22222c22657865637574696f6e6c697374656e657273223a22227d2c227374656e63696c223a7b226964223a22456e644e6f6e654576656e74227d2c226368696c64536861706573223a5b5d2c226f7574676f696e67223a5b5d2c22626f756e6473223a7b226c6f7765725269676874223a7b2278223a3531332c2279223a3230347d2c2275707065724c656674223a7b2278223a3438352c2279223a3137367d7d2c22646f636b657273223a5b5d7d2c7b227265736f757263654964223a227369642d33383038364633412d323742302d344634302d423244412d453930424544424244414442222c2270726f70657274696573223a7b226f766572726964656964223a22222c226e616d65223a22222c22646f63756d656e746174696f6e223a22222c22636f6e646974696f6e73657175656e6365666c6f77223a22222c22657865637574696f6e6c697374656e657273223a22222c2264656661756c74666c6f77223a2266616c7365227d2c227374656e63696c223a7b226964223a2253657175656e6365466c6f77227d2c226368696c64536861706573223a5b5d2c226f7574676f696e67223a5b7b227265736f757263654964223a227369642d32363131353943442d303145382d344646422d393839342d374244394345364338313638227d5d2c22626f756e6473223a7b226c6f7765725269676874223a7b2278223a3439392c2279223a3137352e3634303632357d2c2275707065724c656674223a7b2278223a3433302e323733343337352c2279223a3134357d7d2c22646f636b657273223a5b7b2278223a35302c2279223a34307d2c7b2278223a3439392c2279223a3134357d2c7b2278223a31342c2279223a31347d5d2c22746172676574223a7b227265736f757263654964223a227369642d32363131353943442d303145382d344646422d393839342d374244394345364338313638227d7d5d2c22626f756e6473223a7b226c6f7765725269676874223a7b2278223a313230302c2279223a313035307d2c2275707065724c656674223a7b2278223a302c2279223a307d7d2c227374656e63696c736574223a7b2275726c223a227374656e63696c736574732f62706d6e322e302f62706d6e322e302e6a736f6e222c226e616d657370616365223a22687474703a2f2f62336d6e2e6f72672f7374656e63696c7365742f62706d6e322e3023227d2c227373657874656e73696f6e73223a5b5d7d, null), ('12503', '3', 'source-extra', null, 0x89504e470d0a1a0a0000000d4948445200000233000001180806000000a9d177aa000000206348524d00007a26000080840000fa00000080e8000075300000ea6000003a98000017709cba513c0000000467414d410000b18e7cfb5193000000017352474200aece1ce900000006624b474400ff00ff00ffa0bda793000000097048597300000ec400000ec401952b0e1b00001e9f4944415478daeddd7d7054d779c7f1737725b44888b708218320e03a963d988112073254c6aa2b90ed90620f385a15b94de2f1386ec2d419ff117ba6356aeb197b5233c59e36ae07932a0655a260078f7987d8b2a1c4164680914d805aac04e825122bd0eb0a69efed79d6bb742d69412fbbd24afbfdcc5ceeddbb2f929e2b767f3ae7dc7395020000000000000000000000000000000000000000000000000000000000000000000000000000000000000000000000000000000000000000000000000000000000000000000000000000000000000000000000000000000000000000000000000000000000000000000000000000000000c028605082e8635996a3aaaaea67cdcdcdf9ededed196d6d6d0ed33429cc507fd90dc372381c57e2e3e3cbbababa5ec9ccccfc80aa000061066176e1c2859f3434346ce8ecec4c4c4b4b5393264d52c9c9c9ca66b3519c219240d8dadaaa744854f5f5f5d7bbbbbbcf747474e4e7e4e454501d0020cc200caaabab77565656ae9a3d7bb69a316386b424509408aaa9a991f0d8a137f31e78e08177a908008c4e764a103d41462fabeebefb6e356dda3482cc309016af6f7ce31bf10d0d0ddfcbcfcf3ffdd65b6f9da32a004098c12048d792cbe57a5682ccc489137bdddfd95aafeabef8adaa3bf3ae6abcf0816a6fbaa0129252555cc2448a3744e3c68d5353a64c49a8adad7d78eddab5bbb76eddfa47aa0200a30b033146980cf6953132d2b5142ac85c2cffb56a6d3cab4cef756599ddaaddfda5aa3ebe59799a2f53c030484a4a5273e7ce35ed76fb6b54030008331820396b4906fbca1899beb8ab0eabeeeb6dbdf64bb069bc504a01c3243d3d7d6a5c5cdcb70e1e3cf85daa010084190c809c7e2d672d851a23d37193d61769b541f8a4a4a4d4e9d56a2a010084190c80cc2323a75f876279bb423fd962ee99704a4d4d9da957595402004697384a30b264423c39ab06234f1f87dbf46a1a950080d1859699112613b931215e94fc67f8ea3810f001803083708a1f3f25e47d7109b4e800004098897253672f5571e3927aedb7c78f5753bf994981000084194a10dd264cbb5b25a564f4b93f39751e05020010662841f4f37675f4dad7ddd94261000020cc44b7eb6d0dbe997e5b1bcef4baafedca7955fde926df63000020cc20ea5cab29d741e64ddf75984269bf5aa55c65afaba6eaa3ca62ce1900408ce234d428232d2df5e7f6f85a5efa432e6b208f6f6938a352ef7c58397c53a50000103b68998932d2d2d2df20134c5a70aa8ebd4101010084198c2c6969192cb9a2360000b1866ea6287357f68b1401008001a0650600001066000000083300000084190000106b18000c004004ad5dbb36bdbbbbfb11c330eed73717ea254d2f13f4e2d14b9d655927f57dff63b7db4b8a8a8a2e5131c20c000051212f2fef11bdfaa9699acb745819d7c7431c7a99a3ef9ba3d78f78bdde7f713a9da5faf6e6e2e2e2ad5490300300c088d0814402ca7f5896953388a767e9e765e9d7784a879b1f6ddfbefd7fa9286106008061939b9bebb4d96cbf324d734a609fdd6e57f7dc738f5ab26489bae38e3bd4e4c993557272b26a6f6f5757af5e552e974b959595a9f2f272d5d5d515785aa67ede89bcbcbca769a521cc0000305c4166a50e325b7590b10742cc430f3da456ac58a1a64d9bd6ebf1898989be65c68c196ae9d2a5be60b37bf76eb577ef5ee5f57ae521132ccbdaa2038d43079a37a970689ccd0400c0d0838cb4c8ecd4e1c3176424a0bcf4d24b32f8b7cf20d31769b191c7cbf366cd9a7563bf7ecd4d3ad0e45365c20c000011216364ec76fbaf0241262323431514147c2d900c843c4f9e3f7ffefce040f3ba0e3477516dc20c0000e1ff20b5d9de0c8c91911699679f7dd637266628a4fbe999679e090e44d2e5b4896a13660000082b39fd5a0799bf906d1923230164a8412638d0ac5bb7cef7ba7e99743711660000f81aa7d3f9f71248b2b2b2067b42cc4f031b32d877b05d4ba1c8ebad5cb9f2c66dcbb29ee2a8f5c6d94c008058f6cf3a20a8b4b4348f0e36bf330ce3dfbabbbb8f6cdfbebdf5564f94997d4dd3fc73d90e9cb914090f3ef8a0dab3674fe0b4ed4c19a3535252e2e2d0116600000826b3f17e4f079befe960d2ae03c37e7d7bb3c3e1f85d6161a1a7af27f82f51e0eb035ab060819a3a756a44be3139cb69d1a245ea934f3e09ec5aa397573864841900004249d4cba3b2783c9eeb3ad8ecd6a1e5addadada5da5a5a5dd8107f9afb5e4b378f1e2887e43f2fa4161e67ec20c61060080fe926b2a3d6a59d6a3d3a74f6fcfcbcb3bac6f6f4c484828d5416761e041b7df7e7b44bf893973e604df5cc86121cca01f1a1b1bd5e1c38763ea6796a9c53ffbec331910583ada7f16ff5578aff29b0c848ffe3f95e8bfde528e0e32beff6a81fba42b28927abc7e0a478330837e9020b373e7ce58fdf1ef1f036fbaf7f35b0c44febf5a60235ca7638722a7690771507ac20cfae1befbee8bb99f39d032535757f7e1180862f23394f29b0cdcd2fa7e3ece543da633d17f34989665f9f6b5b4b44434d0c8fb53100f878d30837e484949518f3efa68ccfddc32a7c3f2e5cbb346ebf7ef743a0bfc6fcea525252505fc2603b7fc3fb3be9f01c6a683cb551d600ee9a5282121619fc7e339adf7df2177ca4522231966e4f5833472e408330000f44907966e1d56029f8d126464be997d7ad9367efcf843858585578382d0c94098a9acac0cfb8479c15c2e57f0cd931c29c20c00007df2071909303bf4b2dbe170ec0a35cf8c0e3e1feac7cb9c2faaacac4cdd7f7fe486aac9eb07f9902345980100a06730911697529bcdf61b39ed3ab80526e407685cdc4eafd7fbafb279ead429e576bb2332719e74311d3f7e5cce9c0a0c38dec11123cc000010f00f8661b81c0ec78e502d30a11415155dcacbcb2bd541285b871ab577ef5eb9c441d8bfc17dfbf6c96cc3812073844b1910660000b84107831787f812ffae976cd99030b36cd9b2b08e9db978f1a27aefbdf76eb4cae8e0f50647ad37ae9a0d00c020151717cb845ca5b22dad331b376ef49da61d0e723af6abafbeea354df346ab4c6d6d6d095527cc0000106e3f52fed3a56b6a6ad4860d1b861c6824c8e860645dbe7cd9eedfd56a18c693c1d7860261060080b090312c9665add39bbea071f6ec59555050e0eb221a0c79de0b2fbce03d7dfaf48d1986759079bab8b8f80f549b30030040446cdbb64dba7f9e0c041a69a179fef9e7659070cf09ef4292c7e960a49e7beeb9e0161939d3ea791d64b652e5d018000c004018e82052989b9b2b6744bd6e18c6641943b36bd72edfc0e0050b16a8c58b17fbaeae2d178d94d982a52b49028c4c8877fcf87159cccece4e696408b4c8c87c37eb74502aa4ba841900008685b4d0389dce8f7598d924a76ccb3e0935e5e5e5bee516827b4b8ec81819ba96083300000c3bff3c30cb75a859a303c9533ad4640de0f3f6885e36d7d5d56d65b02f61060080910e353253ef8eb56bd7a69ba6b946879a3fd3b7efd54b9a5e1ceaabab5fcb595072ad25b944c10e26c423cc0000107564a660bddae85f10019ccd04000008330000008419000000c20c000020cc0000001066000000083300000084190000409801000020cc00000010660000000833000080300300001025b86a36000c8265598eaaaaaa9f353737e7b7b7b767b4b5b5394cd3a43043641886e57038aec4c7c797757575bd929999f90155016126cad96c364bbf011a7a4d3146983e0e557a35934ae0562e5cb8f09363c78e6de8ecec4c4c4b4b53b22427272bfe1f87e5ffa1d1dada9aa243e2c3f5f5f5d91f7df4d1998e8e8efc9c9c9c0aaa83909fa5946064e9bf40fed8d2d24221a240535393bc599ea412b899eaeaea9d555555afa7a4a4247ee73bdf51b367cf5693264d22c884ef0f3c3571e244959e9eaebefded6f8f9b356bd60269a579fffdf757511d1066a294fe4f7ae4dab56b14220ad4d5d535eb552995c0cd828c5e56cd9b374fcd9c3953ba44284a84cd9831432d5cb870bcdd6edf72e8d0a1955404849928e4f1787ea93f44bb2ccba21823cbe576bb17e8f5db94027d91aea5cacaca55191919be96839e3a5bebd5a5935bd4b90ffe499d7dbf405597ffa7f2345fa67061909494a4e6cf9f9fac37b7ecdfbfff1e2a02c24c9459b66c59990e329fd5d4d4508c1154515171501f879ae5cb977f4c35d0930cf66d6868d8205d4aa182ccc5f25fabd6c6b3caf45e5796d9addadd5faaeae39b0934610c3473e7ce35ed76fb6b54038499282483db5c2e577b737333c518014d4d4defbaddeeef9ba6f973aa81bec8594b32d857ba3cfae2ae3aacbaafb7f5da2fc1a6f14229050c93f4f4f4a9717171df3a78f0e077a906083351262727e70ffa8374d5175f7c718d4033fc41a6a2a262be61184f72b6044291d3afe58ca55063643a6ed2fa22ad36089f9494943abd5a4d2540988942d9d9d987bababad69c3a75aab9babadacd189a8873e910b3e9f4e9d34bf4f6dfe9faefa2240845e69191339642b1bc5da19f6c31f74c38a5a6a6caf4095954028499280e345eaf7789cbe5faf4e8d1a30de7cf9f3fd1d4d45417ed1371555656aa975f7e597df9e59751fd7dca3c3257ae5cd9fdf9e79f171f3e7cb8dded76cfd5fb961364702b32219ecc238391a78fc36d7ab5904a201893e64519e97292d581030716d6d6d6aed68bfc0532592f8e68fd9edf79e71de9ae511b376e548f3df658349757fea26bd0cb19bdbcc6605f0c2008338f4cb4fc05fed571e0b30b8499d160c58a1532795bd44fe0f6c31ffed0e1f1783a645bc6fb1415158d2f2c2cf47004114be2c74f515d9eab7dbfc926d0a203443ce452020c850e325f3baba0b3b3338baa20d64c9dbd54c58d4beab5df1e3f5e4dfd66260502083388723f0ebe6159d6139404b166c2b4bb55524a469ffb9353e7512080308328f7508fdb598f3df6d804ca8258e3edeae8b5afbb93ebae01841944b5bcbcbc07f52a25f8fd5c6edbedf607a90e62c5f5b606df4cbfad0d677addd776e5bcaafe7493ef3100083388c6bf44bdde9ead328119c5b8ba2d62c2b59a721d64de54ed4d17423ea6fd6a957295bdae9aaa8f2a8b396700c20ca2475656569ccd667b22c4efd32372961355c258252d2d174ffc46d57ef14e9f9731e8492e6b507f6e8fba28179f6ca9a580006106d1e0b6db6e93b39892fa7a9fd7cb84cece4eba9a3066494b8b74210d94b4e0541d7b830202841944899ff4b5d3300cdfdc459665d1d584314b5a5a064baea80d20bc98340f03265d4c3aacace8f38ddab26cfeb57435fdbcb0b0f02a15c3587357f68b14018822b4cc60c0525353b3f46ada4d1ee2310c6372474707b38501000833883e3aa83c7a8bfbedfef5df502d00006106d1e8f19bdd695956bc7f9d2d5d52940b00409841d4f8c10f7e906d1846bfae9c275d4dd3a74f5f43d500008419440d1d50ee1de0e3efa26a008048a20b0003b26ddbb697f5eae5e07d4ea7b340afd6ebe51f4b4a4a0aa812006038d132030000083300000023856e266094cacdcd7dce308c9742dcbddee974ae0fde5152526250350063112d33c068fdcf6bb39da40a0040980146ade2e2e27d9665b5f4f3e197a81800c20c8068b4e316f77be51f1d7af6512a0084190051478794ffbac543bae41fc3308aa81680b18a01c0c02896989878c4e3f134e9cd29211ee2d04b635d5ddd9158ae93d3e9fc7b1de82a6a6b6b7795969676f39b031066004489c2c2424f5e5ede1ecbb2d6f671b7a9179bbe6f271fe0ea9f751d545a5a5a5b6e6eee4e9bcdb6b5bbbbfbc8f6eddb5bf92d020833004698fe907e53affa0a33325e467f6edbdea64a37241986b156c29fdd6e6f763a9defeadbff959090502ac190f2008419002340ba90a64f9fdeae3f94137bdc25572fbf545b5b7b882af569a25e1ed7c1e6718f969b9bfbdf3af8fd96ae288030036098c907affe202ed49b7f1bb43bd0c5b48f0fe67e71e830f8d7ba5e7f9d9696262d3607f4edcdb4d800841900c3676f8f301330c57f2150f49fb4d8acd1c1668dc7e391c1c35f363434509528d1d8d8a8cacbcb15bfd77d2a2c2929711166008c4af5f5f5fbd2d2d21af5668a7f976fda05c33056ebd56a2a34247f525656a656afa68cd1e0f0e1c3eac48913b2b99e6af42926431e61061803a42b292f2f6f7f8fb39a3ed3cb6fa98eeaef079f57d7cfd201f06bef8bfa76e5bdf7de7b3b258c0ef7dd779faaaaaa9240f38f546340bfdf841900d1afe7594dfa43787d7171f14e2ae39b67667d889ac9782253d76a9c5edbf55af65dd5eb4332d1604242c23e1933f3e31fffd8a28ad1212525452d5ab448fde217bf28a01a377ebf633ed010668031c2e1707c2c633c0264f02a55e9d3751d58bc3aac8c0f6a8591f966e4920fdbc68f1f7f480798ab940920cc001866d282a0ff42bba237bfa197263e90431a272d30fe0023d7b6daad83e02ece5a020833c098a4ff8277545555fdacb9b939bfbdbd3da3adadcd619a66d47ebfd5d5d5eaf7bfffbd5abc78f194279e78226abb467498b07480b8121f1f5fd6d5d5f54a6666e607c3743c25e095da6cb6dff84fbb26f001841960ecba70e1c24f8e1d3bb6a1b3b333312d2d4da6c257c9c9c932a56e547fdff9f9f9515f5b1d088dd6d6d6141d121faeafafcffee8a38fce747474e4e7e4e45444e84bfe830e502e1da076d0020310668098505d5dbdb3b2b272d5ecd9b3d58c193394bf5b0261228170e2c489be253d3d7d5c4d4dcd021d1ecbde7ffffdbc071e78e0dd707fbd92929217a93a3086df532801d03bc8e865d5bc79f3d4cc99330932c34002e3c2850bc7dbedf62d870e1d5a4945001066804192ae256991c9c8c8f0b51af4d4d95aaf2e9ddca2ce7df04feaecfb05aabafc3f95a7f932850b83a4a424357ffefc64bdb965fffefdf75011008419608064b06f4343c306e95a0a15642e96ff5ab5369e55a6f7bab2cc6ed5eefe52551fdf4ca00963a0993b77ae69b7db5fa31a000833c000c9594b32d857ba3cfae2ae3aacbaafb7f5da2fc1a6f14229050c93f4f4f4a9717171df3a78f0e077a90600c20c300072fab59cb1146a8c4cc74d5a5fa4d506e193929252a7b8a61400c20c3030328fcca4499342de6f79bb423fd932296018a5a6a6ced4ab2c2a01a03f38351bf09309f1641e198c3c7d1c6ed3ab695402006106180099d937da27c48b15fee3c0fb13d0436e6eee738661bc14e2eef53d2faa5a52521213734bf0ce0df453fcf829a1ff2a48a04507c0b004fd93548130030cdad4d94b55dcb8a45efbedf1e3d5d46f6652200011575c5c2c57776fede7c32f1166007ccd846977aba4948c3ef727a7cea3400086856559efdcec7ec3304cffe3f6116600f4e2edeae8b5afbbb385c20018ce30b3e566f79ba6d9e50f3545841900375c6f6bf0cdf4dbda70a6d77d6d57ceabea4f37f91e03009196989878440795aba1eed7f725e855635d5ddd11c20c009f6b35e53ac8bca9da9b2e847c4cfbd52ae52a7b5d35551fd57f3531e70c80c8292c2cf45896b5e7668fd1f7ef2c2d2ded8e959a70ea231082b4b4d49fdbe36b79e90fb9ac813cbea5e18c4abdf361e5f04d95020011b1492f7fd54788e9360c23ce66b3bd1d4bc5a0650608415a5afa1b6482490b4ed5b13728208088912e241d5cda7bee9720a357976a6b6b0f116600f85a5a064baea80d0091225d483ab8fca6e7db96effdc7b2f6c5521793a09b0908e1aeec17290280a825e36674a0793ae8b6a96f4b23c5ef62ad16b4cc0000300ad5d7d7cb3c325702b7fd5d4c8da669ee22cc000080a8e7ef6a3ad863f7beeddbb7b7c65a2d083300008c5296657ded6c031d6ede8ec53a1066000018a51c0ec7c7c1b71312124a63b10e0c000600601459bb766d7a7777f7238661dceff17816aaafce6292c6094bdf3e919b9b7b52dff73f76bbbda4a8a828262e36499801805bb0d96c96699a865e538c11a68f43955ecd8cc59f3d2f2fef11bdfaa9aec1321d56c6f5f110432f73f47d73f4fa11afd7fb2f4ea7b354dfde5c5c5cbc9530030031cce170fcb1a5a565faa4499328c6086b6a6aaad0ab98ba109a0e241250fec3b2ac9c413c3d4b3f2f4bbfc6533adcfc68fbf6edff4b98018018141f1f7fe4dab56bab093323afaeaeae59afcec4cacf9b9b9bebb4d96cbf324d734a609fdd6e57f7dc738f5ab26489bae38e3bd4e4c993557272b26a6f6f5757af5e552e974b959595a9f2f272d5d5d515785aa67ede89bcbcbca7c7622b0d6106006ec1e3f1fc527f88fee5ac59b3e2f55fc81464e4b8dc6ef702bd7e2d4682cc4a1d64b6ea20630f8498871e7a48ad58b1424d9b36add7e31313137dcb8c1933d4d2a54b7dc166f7eedd6aefdebdcaebf5ca43265896b545071a870e346f8ea55ad1010c00b7b06cd9b232fd21f0594d4d0dc5184115151507f571a859be7cf9c7311064a44566a7fe797d414602ca4b2fbd24837ffb0c327d91161b79bc3c4f07f11bfbf56b6ed281269f30030031a6a3a323dfe572b5373737538c11d0d4d4f4aedbedfebe699a3f1feb3fab8c91b1dbedbf0a04998c8c0c555050f0b5403210f23c79fefcf9f38303cdeb3ad0dc4598018018929393f307fd41baea8b2fbeb846a019fe2053515131df308c27f571a818eb3fafcd667b333046465a649e7df659df9898a190eea7679e792638104997d326c20c00c498ececec435d5d5d6b4e9d3ad55c5d5dedd61f061425b25c3ac46c3a7dfaf412bdfd77bafe63fe9a4372fab50e327f21db32464602c850834c70a059b76e9def75fd32c74a7713610600061868bc5eef1297cbf5e9d1a3471bce9f3f7fa2a9a9a94e7f00519c30907964ae5cb9b2fbf3cf3f2f3e7cf870bbdbed9eabf72d8f8520e3f7d3c0860cf61d6cd75228f27a2b57aebc715b07f2a7c642d1389b09000648ba9c6475e0c08185b5b5b5abf592a56f4fd68b83ea0c994c8827f3c8c8e9d7afc5c260df0099d95707b73f97edc0994b91f0e0830faa3d7bf6044edbce94313a2525252ec20c00c4a0152b569cd4ab935402e1e0bf4481af0f68c182056aead4a911f93a7296d3a2458bd4279f7c12d8b5462faf8ce6dad1cd04004014906b2d05b6172f5e1cd1afd5e3f5ef1fedb523cc0000101d1606366ebffdf6887ea13973e6f4f975472bba99104eeb9d4ee7a8fde65b5b5b39820046525a6043ba8222a9c7eba71066801e8166b47ee3e7ce9d530f3ffc304710c0489910d808d7e9d8a1c869da4146fdc075c20cc2a1702cfc1077de79e77a0e258011d41a08342d2d2d110d347251ca201ec20c629eff94be82d1fe733cf1c41384190023a94e2f77c8865c24329261465e3f48e3682f1c03800100880e374ef3afacac8ce81772b95c7d7e5dc20c00001834cbb23e0c6c97959545f46bf578fd0f0933000060c8e2e2e276ea55b76c9f3a754ab9ddee887c1de9623a7efc78f085c57610660000c0901515155d320ca354b6bd5eafdabb776f44becebe7dfb64b661c37ff3c868bf940161060080e8f2ef810d0933172f5e0ceb8bcbebbdf7de7b375a6574787a632c148d3003004094282e2e96aea652d996d6998d1b37fa4ed30e07391dfbd5575ff59aa679a355a6b6b6b68430030000c2ed47ca7fba744d4d8ddab061c390038d04191d8caccb972fdbfdbb5a0dc378b2b4b4b49b30030000c24ac6b05896b54ef907039f3d7b561514140cbacb499ef7c20b2f784f9f3e1d689191eea5a78b8b8bff30566a4698010020ca6cdbb64dba7f9e0c041a69a179fef9e7659070cf09ef4292c7e960a49e7beeb9e016193905fc791d64b68ea57a310330000051480791c2dcdc5cb9d4c0eb86614c963134bb76edf20d0c5eb060815abc78b1efeada72d148992d58ba9224c0c88478c78f1f97c5ececec94468b408b8c5c2e619d0e4a8563ad5684190000a294b4d0389dce8f7598d9645956b6ec9350535e5eee5b6e21b8f7e5888c91194b5d4b841900004609ff3c30cb75a859a303c9533ad4640de0f3fb885e36d7d5d56d1d2b837d093300008cde502333f5ee58bb766dba699a6b74a8f9337dfb5ebda4e9c5a1bebafab59c0525d75a924b14ec180b13e211660000186364a660bddae85fa0389b0900001066000000083300000084190000409801000020cc0000001066000000083300008030030000409801000020cc0000001066000000610600008030030000409801c2f99fc166b34cd3a41051401f872abdeaa612000833c000381c8e3fb6b4b4508828d0d4d454a15727a90400c20c3000f1f1f147ae5dbb4621a2405d5d5db35e95520900841960003c1ecf2ff58768976559146364b9dc6ef702bd7e9b520020cc0003b06cd9b2321d643eaba9a9a11823a8a2a2e2a03e0e35cb972fff986a0020cc0003d4d1d191ef72b9da9b9b9b29c608686a6a7ad7ed767fdf34cd9f530d00fd65a704c0ffdbba756be3e38f3f5ea63f50574d9c38d191909040518631c8545454cc370ce36f57ac5871848a0020cc0083f4d65b6f55e6e7e77f5a5f5fff88fe606dd3a166bc5e5398c871e910b3bdaaaaea010932d9d9d9bb28098081e01d1a0861fffefd77d96cb657ed76fb9fa6a6a65e4a4949b96dd2a449697a1fc519229947464ebf96b39664b0af8c9191aea59c9c9c0aaa0380300384d9810307161a86b15a6f66e9e55ebd38a8ca90c98478328f4ca95ede66b02f0000000000000000000000000000000000000000000000000000000000000000000000000000000000000000000000000000000000000000000000000000000000000000000000000000000000000000000000000000000000000000000000000000000000000000000000000000000000000000000000000000000000000000000000000000000000000000000000000000000000000000000000000000000000b8a5ff031ead33becdc8360f0000000049454e44ae426082, null), ('15002', '3', 'source', null, 0x7b227265736f757263654964223a223135303031222c2270726f70657274696573223a7b2270726f636573735f6964223a22e69caae5ae9ae4b989222c226e616d65223a22222c22646f63756d656e746174696f6e223a22222c2270726f636573735f617574686f72223a22222c2270726f636573735f76657273696f6e223a22222c2270726f636573735f6e616d657370616365223a22687474703a2f2f7777772e61637469766974692e6f72672f70726f63657373646566222c22657865637574696f6e6c697374656e657273223a22222c226576656e746c697374656e657273223a22222c227369676e616c646566696e6974696f6e73223a22222c226d657373616765646566696e6974696f6e73223a22227d2c227374656e63696c223a7b226964223a2242504d4e4469616772616d227d2c226368696c64536861706573223a5b7b227265736f757263654964223a227369642d45363433313435342d324534382d344230362d424332392d374637454642424333413941222c2270726f70657274696573223a7b226f766572726964656964223a22222c226e616d65223a22222c22646f63756d656e746174696f6e223a22222c22657865637574696f6e6c697374656e657273223a22222c22696e69746961746f72223a22222c22666f726d6b6579646566696e6974696f6e223a22222c22666f726d70726f70657274696573223a22227d2c227374656e63696c223a7b226964223a2253746172744e6f6e654576656e74227d2c226368696c64536861706573223a5b5d2c226f7574676f696e67223a5b7b227265736f757263654964223a227369642d43453733354434392d383346362d343834432d423645382d333541463441374544424135227d5d2c22626f756e6473223a7b226c6f7765725269676874223a7b2278223a3135392c2279223a3130387d2c2275707065724c656674223a7b2278223a3132392c2279223a37387d7d2c22646f636b657273223a5b5d7d2c7b227265736f757263654964223a227369642d41323442303239362d353135362d343538462d393534432d324235314134324543354132222c2270726f70657274696573223a7b226f766572726964656964223a22222c226e616d65223a22222c22646f63756d656e746174696f6e223a22222c226173796e6368726f6e6f7573646566696e6974696f6e223a2266616c7365222c226578636c7573697665646566696e6974696f6e223a2266616c7365222c22657865637574696f6e6c697374656e657273223a22222c226d756c7469696e7374616e63655f74797065223a224e6f6e65222c226d756c7469696e7374616e63655f63617264696e616c697479223a22222c226d756c7469696e7374616e63655f636f6c6c656374696f6e223a22222c226d756c7469696e7374616e63655f7661726961626c65223a22222c226d756c7469696e7374616e63655f636f6e646974696f6e223a22222c226973666f72636f6d70656e736174696f6e223a2266616c7365222c22757365727461736b61737369676e6d656e74223a22222c22666f726d6b6579646566696e6974696f6e223a22222c2264756564617465646566696e6974696f6e223a22222c227072696f72697479646566696e6974696f6e223a22222c22666f726d70726f70657274696573223a22222c227461736b6c697374656e657273223a22227d2c227374656e63696c223a7b226964223a22557365725461736b227d2c226368696c64536861706573223a5b5d2c226f7574676f696e67223a5b7b227265736f757263654964223a227369642d32423535434137352d303446302d343735362d414545392d354646303939423131413939227d5d2c22626f756e6473223a7b226c6f7765725269676874223a7b2278223a3330342c2279223a3133337d2c2275707065724c656674223a7b2278223a3230342c2279223a35337d7d2c22646f636b657273223a5b5d7d2c7b227265736f757263654964223a227369642d43453733354434392d383346362d343834432d423645382d333541463441374544424135222c2270726f70657274696573223a7b226f766572726964656964223a22222c226e616d65223a22222c22646f63756d656e746174696f6e223a22222c22636f6e646974696f6e73657175656e6365666c6f77223a22222c22657865637574696f6e6c697374656e657273223a22222c2264656661756c74666c6f77223a2266616c7365227d2c227374656e63696c223a7b226964223a2253657175656e6365466c6f77227d2c226368696c64536861706573223a5b5d2c226f7574676f696e67223a5b7b227265736f757263654964223a227369642d41323442303239362d353135362d343538462d393534432d324235314134324543354132227d5d2c22626f756e6473223a7b226c6f7765725269676874223a7b2278223a3230332e31353632352c2279223a39337d2c2275707065724c656674223a7b2278223a3135392e3630393337352c2279223a39337d7d2c22646f636b657273223a5b7b2278223a31352c2279223a31357d2c7b2278223a35302c2279223a34307d5d2c22746172676574223a7b227265736f757263654964223a227369642d41323442303239362d353135362d343538462d393534432d324235314134324543354132227d7d2c7b227265736f757263654964223a227369642d39384345393730362d453532362d343231392d393945342d304339363437423830344631222c2270726f70657274696573223a7b226f766572726964656964223a22222c226e616d65223a22222c22646f63756d656e746174696f6e223a22222c22657865637574696f6e6c697374656e657273223a22227d2c227374656e63696c223a7b226964223a225468726f774e6f6e654576656e74227d2c226368696c64536861706573223a5b5d2c226f7574676f696e67223a5b7b227265736f757263654964223a227369642d43414336424445422d453139422d343043412d394643302d443734304334454241453835227d5d2c22626f756e6473223a7b226c6f7765725269676874223a7b2278223a3337392c2279223a3130387d2c2275707065724c656674223a7b2278223a3334392c2279223a37387d7d2c22646f636b657273223a5b7b2278223a3336342c2279223a39337d5d7d2c7b227265736f757263654964223a227369642d32423535434137352d303446302d343735362d414545392d354646303939423131413939222c2270726f70657274696573223a7b226f766572726964656964223a22222c226e616d65223a22222c22646f63756d656e746174696f6e223a22222c22636f6e646974696f6e73657175656e6365666c6f77223a22222c22657865637574696f6e6c697374656e657273223a22222c2264656661756c74666c6f77223a2266616c7365227d2c227374656e63696c223a7b226964223a2253657175656e6365466c6f77227d2c226368696c64536861706573223a5b5d2c226f7574676f696e67223a5b7b227265736f757263654964223a227369642d39384345393730362d453532362d343231392d393945342d304339363437423830344631227d5d2c22626f756e6473223a7b226c6f7765725269676874223a7b2278223a3334382e3339303632352c2279223a39337d2c2275707065724c656674223a7b2278223a3330342e38343337352c2279223a39337d7d2c22646f636b657273223a5b7b2278223a35302c2279223a34307d2c7b2278223a31352c2279223a31357d5d2c22746172676574223a7b227265736f757263654964223a227369642d39384345393730362d453532362d343231392d393945342d304339363437423830344631227d7d2c7b227265736f757263654964223a227369642d32374439413246332d383644412d343644312d414438322d394533443737303532443033222c2270726f70657274696573223a7b226f766572726964656964223a22222c226e616d65223a22222c22646f63756d656e746174696f6e223a22222c22657865637574696f6e6c697374656e657273223a22227d2c227374656e63696c223a7b226964223a22456e644e6f6e654576656e74227d2c226368696c64536861706573223a5b5d2c226f7574676f696e67223a5b5d2c22626f756e6473223a7b226c6f7765725269676874223a7b2278223a3435322c2279223a3130377d2c2275707065724c656674223a7b2278223a3432342c2279223a37397d7d2c22646f636b657273223a5b5d7d2c7b227265736f757263654964223a227369642d43414336424445422d453139422d343043412d394643302d443734304334454241453835222c2270726f70657274696573223a7b226f766572726964656964223a22222c226e616d65223a22222c22646f63756d656e746174696f6e223a22222c22636f6e646974696f6e73657175656e6365666c6f77223a22222c22657865637574696f6e6c697374656e657273223a22222c2264656661756c74666c6f77223a2266616c7365227d2c227374656e63696c223a7b226964223a2253657175656e6365466c6f77227d2c226368696c64536861706573223a5b5d2c226f7574676f696e67223a5b7b227265736f757263654964223a227369642d32374439413246332d383644412d343644312d414438322d394533443737303532443033227d5d2c22626f756e6473223a7b226c6f7765725269676874223a7b2278223a3432332e3132352c2279223a39337d2c2275707065724c656674223a7b2278223a3337392e3435333132352c2279223a39337d7d2c22646f636b657273223a5b7b2278223a31352c2279223a31357d2c7b2278223a31342c2279223a31347d5d2c22746172676574223a7b227265736f757263654964223a227369642d32374439413246332d383644412d343644312d414438322d394533443737303532443033227d7d5d2c22626f756e6473223a7b226c6f7765725269676874223a7b2278223a313230302c2279223a313035307d2c2275707065724c656674223a7b2278223a302c2279223a307d7d2c227374656e63696c736574223a7b2275726c223a227374656e63696c736574732f62706d6e322e302f62706d6e322e302e6a736f6e222c226e616d657370616365223a22687474703a2f2f62336d6e2e6f72672f7374656e63696c7365742f62706d6e322e3023227d2c227373657874656e73696f6e73223a5b5d7d, null), ('15003', '2', 'source-extra', null, 0x89504e470d0a1a0a0000000d49484452000001f6000000b70806000000e0987cc1000000206348524d00007a26000080840000fa00000080e8000075300000ea6000003a98000017709cba513c0000000467414d410000b18e7cfb5193000000017352474200aece1ce900000006624b474400ff00ff00ffa0bda793000000097048597300000ec400000ec401952b0e1b0000139d4944415478daeddd0b7054559ac0f193a43b0f02098f801956d108485040f001eac4880c105446a8114dd80466d45a5965b15cb58ad5d2124b74ad2d757dd4c2a2b2ca6b8806312a0a044603460a50104c441c5e09480806f20e494cd2bddf774d679a4734a4bb93eef6ffabeaead0492edd5fce39dffdeebde75c63000000000000000000000000000000000000000000000000000000000000000000000000000000000000000000000000000000000000000000000000000000000000000000000000000000000000000000000000000000000000000000000000000000000000000000000000000000000000000000000000000000000000000000000000000000000000000000000000000000000000000000002000851002c0334ea733b2a8a8e8dfaaaaaa324e9d3a35a4b6b636d2e17010184f07a79010676464e449bbddbebdb1b1f185a4a4a4cf880a4062077cead0a143ff5a5a5afa62434343b7f8f878131b1b6b7af4e861424343098e8774e7a8a6a6c6c80e93397efcf84f4d4d4ddfd5d5d565a4a4a414101d80c40e78dde1c387b30f1e3c3865c08001a67ffffe5a6112141f2a2e2ed61da93af972fab871e33e2022c0b9851102a063495d1e53860e1d6afaf6ed4b52ef047a24a44f9f3ef6d2d2d2db323232f2972e5dfa77a20290d8018fe9e1f7c2c2c24734a9c7c4c49cf5fd869ae3a664cffba6e4bb0fcc89439f9953e5874c44743f638b8821781e0a0f0f37bd7af58a3876ecd8ade9e9e91f2f5fbefc47a2029c8e1381c079d00be5f49cba1e7e6f2ba91fd9f97fa6e6c4f7c6d1fc93713a9acca9b203e6f08ec5a6beea2801f482e8e868939090e0080b0b7b9568002476c0237af5bb5e28a7e7d4cfa5ace873d3f453ed59af6b923f712897007ac985175ed8db66b30ddeb061c375440320b1031da653daf4eaf7b6cea9d7fd4255aed53cbc272e2eae449eee201200891de8309da7ae53dadae26c6e6cfb979dcc6df7a67efdfafd933c8d2512c0e96c8400683f5d7c46afce46d793bfc3efe4a92f9100a8d8810ed34553587cc64f06af9fff0e142700891df01d7b54af36bf678ba0d207406207024aef0137185b78f459af87d9a34cef8b93081000123b1048baf71d6aa2e3869cf3f51efdae20400048ec40a0696eac3bebb5a6866a020380c40e04929f6a4bad15e66a4abf3beb7bb527f799c35fbd61fd0c0090d8013f5759bc5392fa9bd6baf06d395551640ab72f34e587b7182773da01f8085345000fabf4e37fffc4aac8db439796d59faf96aabedf65b79a486b2a360050b1037e412bf0f626f5d3aa77a9ec8bbe5c44000190d8017fa2157847e99ddf00c0db38140f782071fc7c8200808a1d000090d8010000891d0000123b000008405c3c8776713a9d91f9f9f97ffefaebaffff9d8b163238b8b8bbb555555d9eaebeb8dcd6673f6e8d1a3b177efde47636262b6c88f3f3377eedcef891a407ff3b5f4f4f40b9b9a9aa6868484dc24ff1c298f7879749747bd3c4a2496bbe47b5f84858565ae58b1e287df424c42e842f8b50166f5ead5afefd9b367fac993276d43870e35575e79a5b9e8a28b8c0c2c263232d2e860535d5d6d8e1c39620a0a0accce9d3b9da1a1a1876b6b6be7bffefaeb6f06533c366cd8e04c4e4ea661f889cd9b379b09132684d0df82b3bffd92e9d3a74f95a7d9f24896b885b7f3d77225c92f5eb972e572123b7e93b66edd7acfc68d1b1754565646a4a5a559038cecf5b6eb7777efde6d3233339bcbcbcbf7959595fd312b2b6b3f891d2476fa9ba72436974872fe5f49e6291e6c26afb9b9f9ee608d13891de7aa1a6c1f7ef861cedab56b6fbeedb6dbcc2db7dcd2ee01e64cebd7af37efbefb6e9dcd667b3018aa09123b89bdb3fa9b241eab22dfb66d9bd9bf7fbfa9a8a8b02af56eddba999e3d7b9a4b2eb9c48c1e3dda5c75d555c66eb707657f3b536a6a6a9ac46681c3e1e8e57a4d63356cd8303366cc183368d0202b363d7af430a74e9db26256585868b66fdfae47364c6363a3fbe66a6407e1fe60acdec3181a70e620b369d3a62d1f7ffcf1ef1f7ae82173fdf5d79bd0d08e5f63a91d6de4c891f62fbef862823c5748e7fa3290e33373e6cc79175f7c310dc54f1415159965cb963d1d4cfd4d5e339f7cf28959b46891397af4a8d1c3f12929297ae8d9dc75d75d66ca942966f8f0e15642d31d1ba93aaddf193870a0193c787050f5b73392fa64198bde95cfdacd95d0754768f6ecd9567c1212124c6c6cac898888b07e5e777634c1eb698cebaebbcedc7cf3cd4612b93970e080152fa187efff24b13c2a3b503b49ec085ab2f7bf510799279f7cd2ea10dea07bd0b2376dffecb3cf922fbbecb223d289be21b183c47e767f2b2e2e36cf3efbac918ad4dc77df7d56f5ae3bc7bd7af53aeda899262c4d6437de78a3b9faeaab8d2472b37af56a93989868060c181034fdcdbd526f49ea5610faf7ef6f9e78e20993949464a2a3a3dbb50dbd3e61c48811e6da6baf357bf7ee35555555ae6fdd2ec9fd4030c4c985e96e68a5e7f8f470e09c39734cdfbe7dbdba6ddddee38f3fde5df6a25f93ca23916883fe767a7ffbfefbefada47efbedb71b7d2d3e3ebe5ddbd19fd39f9f3a75aa79eeb9e74c7e7e7e50f5373da7ae87df5d497dc8902166debc791d2e3cf4f7f4f7f5a887db919385c1342e91d8e16ad8913939390bf5d0961ecef305ad7465cf3b42f6bcdf22e2a0bffda3bf69a5feeaabaf9a7befbdd7aa423be2861b6e300f3cf08059b0608175c57cb0f43779ff6fbacea96ba5fec8238f58472c3ca1d729e8a90fb79d83eef2377983c48ea0929d9dbdb8baba3a5ccf55f9d2adb7de1a151b1b9b207bc719441df4b714eb22b9975f7ed93a87ae17c27942abd019336698d75e7bcdda6ea0f7379dd22649fd0ffab59e8ad064ec6952774fee7aa4c3ed144752b08c4b247658d5434141c15d3ac5c67575ad2fcd9a35ab97ec85cfee8acf2a9ff1091d2cc68e1dcbe24ce8923674667f5bbb76ad553976b4523f57e5aedb5bb3664d30f4b7d6f7add71b78ebba1f17dddee4c993ddff36b382a18d32b841cfc9fdf9c71f7fb4e9bcd9ce3062c488f0888888043d7796999959d8c91ff719bd22f6820b2ea891ff3f3b242464455353535e5656560d2d01e7d386e2e3e36b535353b325692e3f9f36e4dedfb4aacec9c9d1f3e15e7d8377de79a779e69967b4620fd8fea62bca49b57eb3ab5ad7c4ee0b93264db26621b44c854beaa23891d8e15dba6ce5f92c86e10dc3870f2fd9b66ddb34f9f285aef8cc32c0e892931932e864c8c05c2103f487f2bc5206c0dcb7df7ebb9e568176889676942e6d285dfa4e9524840fe4df7ffdb536e4dedf746eb55efcd6de0be5da4bb7a7d5a86e5fe77707627f6b5926d61a94345ebaf29e2fe8ac1d3d05a2eb05b4e8b23891d8e135ba16f5d8b1633bf5ff94c1a6a774a49bfca103c9e0d1539e66caa033b3bebebe4e06e877e4b50f242e6b7273739b682168871879cc90363443da50bd24ae772571bd7fae36e4dedf74e1149daee6a33e666d5f9f03b1bfb5acfd6ed185787c49b7ef96d8fd224e247678446f30d1d973b32fbdf4525d6462a41f86234a1e7f9141e72f52f554caa0b34e0698b7a9e4711e22a5cd58894bda9056f239ba3eb9ab0db9f7b783070f9a891327fae44de8b430d779f640ec6f92f447ba8d173e7d13ba8a9f9b9181de0049ecd0851a6c7a38aa33353636f695cedc241d799e1f8726561ea9f23e53f5c61b52851d282d2da5c1f88913274e58879afdbc0d69253f4ddad0346d43f25e0f545656b6f6375df2d4573bd53a354cb71fa8fd4d385cdff0f5f874c6f6e348ec0878da897455a6ceb475eb563dd4a6edefa9408993bcdf817a68f38e3beea0d1f881cf3fff5ccf579b406a4362604343436b7fd3b5df7d796d8bae971ea8fdcdb8cddaf2d614b7b6e8d437379181de3748ecd0b5959d92dc433a33b98f1e3dfac4aa55ab7aca60f36c277fdcf60c6c3fb53c879f91d80f5e73cd3597d262fc832ea7aa4bca4a727fda0fdb50b3549ece96647a5a1bb2d96c09aefea6094baf8cf755727725ac00ed6f0e0961a86b07c897c9ddb503e4aa7548ec08783131318d151515e1debe32f797d8edf632e9b8f5999999f33af3b3a6a5a5b535d0d4e92022ef29c235c0c8bf2be4df1b758a8eecfcacd3f3a3f7dc738f9316e31fe2e2e2acab99e7ce9deb176d480f75cb9343da8bb69f30bde1c8b9dad09c39731a5cfd4d0f01ebce892fce21eb6a76ae43cc81d8df64e7275f5e1ea4dfd3530abe4cecae53162d4e90d811f0a4f31f96c165506726f6fcfcfc035ad574f147d7b9b47acb4fbd8b44940ec42dafad93c73b5151511b6520aea085e097aa4d4948cdd276a2dcaaf35f6c43eefd4d13fabe7dfb7c92d875ed79d7456181d8df64a760972bb1eb4586de5e9cc69ddedad5cd2e123b82a162df5450503048a7c574962d5bb668e5bba98b3f7a77b70167953c3e8e8c8c5cc3d5ef380fe16e09aa5d6dc8bdbfe934ab75ebd6195f2ce5acd3b7f456a581dadf64876993c456e7945bd3f66ebae9269fbd31ddbe9b4d81de2849ec30959595ff2915c4ddcdcdcda19db4484dbd54297a27a5d95df599f5b09f3ce58686862e69998644658e4e6943eefd4d175e91df332525255e5da446b7a7378269597b3e20fb9bcd66cb9618fdb77eb97bf76e535656e693456af430fc8e1d3b9c2d47134ccb4e07891d816dfefcf9071e7ef8e143d279067a7a138af6c8c9c979cfe1705cdc45cb363e295540a1540aaba8ccd1156de8ccfea6f3d8b3b2b2ac1b92788b6e4fb7ab6bd1076a7f5bb162c50fd3a74fcf959d82f17a81a1aea99f9e9eeef537a8474c9a9a9a5c493d2fd0979325b1c3bd8a78ecaf422a089b8fabf68a254b965c2e9dfda5aef89cd269e7f3d74657b721f7fea66ba03ff6d863262f2fcf2b3782d9b2658b55adeb2d5c83a0bffd8f3cc6eb179ad8939393bd7aae5de3f4d1471fb556eb12a745c1d046b9bb1b2c8b172fceaaa9a9f94e3b8f2fbdf0c20b5a3dd41e3b762c93a883feb6b6f576a42b57aeb416dcf1447e7ebe59b66c59ebed4803bdbf494cb2e52957bf76ddde56a7be79834e717be595579a253eadd57ab08c4b2476b85711b7bffffefb757a95ae2fc8a0f3e18e1d3b6e93bde27f610d76d0dffed1df7495b8071f7c5013be55b977b4525fb0608155a96b551b44fded6ed332054da7f0bdf8e28b1e27774deab293e03c7af4a8ebf0644d308d4b61742fb8141414545c71c515855f7df5d5a43163c6d8a3a3a3bdb66de9405f3cf5d45343e4cbff90bdf04f0335463367ce9cd7d9ebeaa36d3a075c2ad4a783a1bf0d1830c08c1a35ca2c59b2c4ecddbbd75a6ab67bf7eebfba1dbd50eeadb7deb2aeec7ef4d147cde0c18383a6bfb9c5e98824dea95a8c9e3c79522f7633975f7eb9898d8d3defede9e1f7e79f7fbe79fffefdad85ad6cfbde408f13891d6dfae69b6ff21313134ba46af8833c87f7e9d3c72b95ba0e32cdcdcd0b3333331704727c48ec24765ff6379d773e6edc386b1d7caddef56a70ad2e434343759a9cf5ec4ae65f7ef9a579e79d77f41cb175f5bb56eaba204d30f537976fbffdb660d8b06147e4cbc99adcb562fff4d34f4d5d5d9dd11da2f6ac9aa957bf676767eb510d675555556b52773a9d8f054b9c5a7754181a702ea9a9a96976bb7dd1b469d3c2264f9e1cddc10bea2a5e7ae9a56c198026c9d7da79de0ef4b86cd8b0c1a917f0c03f6cdebcd94c9830212418fb9b9e53d6c4ae95b82ed0a28949139a2e13ab095c7702f496af9ad45b125bd0f5b773c5499e16b6dcfaf5e7ea5462a5d306754d005de84763a3abd4e90e91c64c179fd10a5f1e8e868606f7d3cf3a9f7e4e30c689c48e36a5a5a55d2215c262e92457cc9a352b66d4a85151edfcd57a4980d94b972e1dd4d4d454afe7ae56ae5cb9371862426227b1d3dfba3e4ef219dfd069701e6c262f98e34462477b3ad2341970ee0f0f0f1f9e9898589a9494d43d212121bc77efdef15a29d4d5d51d973de3ca3d7bf6eccbcbcb0bdbb76f9f1e063c2abfbab8a4a46479305d28476227b1d3dffc274e929c6749821f6bda3f753befb71027e6b1e357656666ea4a4cabd2d3d32fdcbd7bf7b45dbb76fd5efe7d8df9f92e487a0c50af60699487ce07fd9b3cee0f86451e00fa5b60c4c9e170e83def5d718a6f8993c64bafa6d7b5df7599d855bf953891d8d16eba12943cbddcf200407f234e7e8879ec000090d8010000891d000090d8010000891d0000123b000020b1030000123b000020b1030000123b00002476000040620700002476000040620700002476e07c3b4c68a8d3e17010083f207f8722796a221200891de8b0c8c8c81fababab09841f282f2f2f90a75d440220b1031d66b7dbf32a2b2b09841f282929a992a75c220190d8810eabafafff2f49288d4ea7936074adc2b2b2b22be5f93d420190d8810e4b4e4ede2e49fd9be2e26282d1850a0a0a36c8dfa178c284095b89064062073c5257579751585878aaaaaa8a607481f2f2f20fa45affa3c3e1f877a2019c2d8c1000e767f9f2e52766cc98b15d92cb94989898c888880882d289495daaf5e12121210f4c9c38318f88002476c02b962e5d7a302323e3abe3c78f4f9524532b093e4a9e098cef144a42cf2a2a2a1aa7497dfcf8f16b0809706e8c448007d6af5f9f181a1afa4a5858d8a87efdfafd101717f7bbd8d8d878798de07848e7a9eb9436bdfa5d2f94d373ea7af83d2525a580e8002476c0a7727272464a2579877c39561ed7c82392a8784c179fd179eab9f2788f0be500000000000000000000000000000000000000000000000000000000000000000000000000000000000000000000000000000000000000000000000000000000000000000000000000000000000000000000000000000000000000000000000000000000000000000000000000000000000000000000000000000000000000000000000000000000000000000000004040fa7f027095b325976acb0000000049454e44ae426082, null), ('15005', '1', 'source', null, 0x7b226964223a22e4bb8e207620e4bb8e207620e6aca13465346463316332356532303466383839643731333634306232663834323661222c227265736f757263654964223a22e4bb8e207620e4bb8e207620e6aca13465346463316332356532303466383839643731333634306232663834323661726573222c227374656e63696c736574223a7b226e616d657370616365223a22687474703a2f2f62336d6e2e6f72672f7374656e63696c7365742f62706d322e3023227d7d, null), ('17502', '4', 'source', null, 0x7b227265736f757263654964223a223137353031222c2270726f70657274696573223a7b2270726f636573735f6964223a223131313131313131222c226e616d65223a22222c22646f63756d656e746174696f6e223a22222c2270726f636573735f617574686f72223a22222c2270726f636573735f76657273696f6e223a22222c2270726f636573735f6e616d657370616365223a22687474703a2f2f7777772e61637469766974692e6f72672f70726f63657373646566222c22657865637574696f6e6c697374656e657273223a22222c226576656e746c697374656e657273223a22222c227369676e616c646566696e6974696f6e73223a22222c226d657373616765646566696e6974696f6e73223a22227d2c227374656e63696c223a7b226964223a2242504d4e4469616772616d227d2c226368696c64536861706573223a5b7b227265736f757263654964223a227369642d39463334313741442d383137422d343341432d384246432d423144443739383343464145222c2270726f70657274696573223a7b226f766572726964656964223a22222c226e616d65223a22e5bc80e5a78b222c22646f63756d656e746174696f6e223a22222c22657865637574696f6e6c697374656e657273223a22222c22696e69746961746f72223a22222c22666f726d6b6579646566696e6974696f6e223a22222c22666f726d70726f70657274696573223a22227d2c227374656e63696c223a7b226964223a2253746172744e6f6e654576656e74227d2c226368696c64536861706573223a5b5d2c226f7574676f696e67223a5b7b227265736f757263654964223a227369642d43383646374146412d393335332d343331392d384245352d343538454438463137383939227d5d2c22626f756e6473223a7b226c6f7765725269676874223a7b2278223a3130322c2279223a38337d2c2275707065724c656674223a7b2278223a37322c2279223a35337d7d2c22646f636b657273223a5b5d7d2c7b227265736f757263654964223a227369642d41373642364442442d463636352d344630312d383139382d393535393234373638313045222c2270726f70657274696573223a7b226f766572726964656964223a223232323231222c226e616d65223a22e6b58be8af95222c22646f63756d656e746174696f6e223a22222c226173796e6368726f6e6f7573646566696e6974696f6e223a2266616c7365222c226578636c7573697665646566696e6974696f6e223a2266616c7365222c22657865637574696f6e6c697374656e657273223a22222c226d756c7469696e7374616e63655f74797065223a224e6f6e65222c226d756c7469696e7374616e63655f63617264696e616c697479223a22222c226d756c7469696e7374616e63655f636f6c6c656374696f6e223a22222c226d756c7469696e7374616e63655f7661726961626c65223a22222c226d756c7469696e7374616e63655f636f6e646974696f6e223a22222c226973666f72636f6d70656e736174696f6e223a2266616c7365222c22757365727461736b61737369676e6d656e74223a22222c22666f726d6b6579646566696e6974696f6e223a22222c2264756564617465646566696e6974696f6e223a22222c227072696f72697479646566696e6974696f6e223a22222c22666f726d70726f70657274696573223a22222c227461736b6c697374656e657273223a22227d2c227374656e63696c223a7b226964223a22557365725461736b227d2c226368696c64536861706573223a5b5d2c226f7574676f696e67223a5b7b227265736f757263654964223a227369642d30353038313839442d433837342d343839352d394546312d353936453336303035303645227d5d2c22626f756e6473223a7b226c6f7765725269676874223a7b2278223a3234372c2279223a3130387d2c2275707065724c656674223a7b2278223a3134372c2279223a32387d7d2c22646f636b657273223a5b5d7d2c7b227265736f757263654964223a227369642d43383646374146412d393335332d343331392d384245352d343538454438463137383939222c2270726f70657274696573223a7b226f766572726964656964223a22222c226e616d65223a22222c22646f63756d656e746174696f6e223a22222c22636f6e646974696f6e73657175656e6365666c6f77223a22222c22657865637574696f6e6c697374656e657273223a22222c2264656661756c74666c6f77223a2266616c7365227d2c227374656e63696c223a7b226964223a2253657175656e6365466c6f77227d2c226368696c64536861706573223a5b5d2c226f7574676f696e67223a5b7b227265736f757263654964223a227369642d41373642364442442d463636352d344630312d383139382d393535393234373638313045227d5d2c22626f756e6473223a7b226c6f7765725269676874223a7b2278223a3134362e31353632352c2279223a36387d2c2275707065724c656674223a7b2278223a3130322e3630393337352c2279223a36387d7d2c22646f636b657273223a5b7b2278223a31352c2279223a31357d2c7b2278223a35302c2279223a34307d5d2c22746172676574223a7b227265736f757263654964223a227369642d41373642364442442d463636352d344630312d383139382d393535393234373638313045227d7d2c7b227265736f757263654964223a227369642d31393239343044452d353838342d343134372d383933332d313243333843303937433544222c2270726f70657274696573223a7b226f766572726964656964223a22313132323132222c226e616d65223a22e7bb93e69d9f222c22646f63756d656e746174696f6e223a22222c22657865637574696f6e6c697374656e657273223a22227d2c227374656e63696c223a7b226964223a225468726f774e6f6e654576656e74227d2c226368696c64536861706573223a5b5d2c226f7574676f696e67223a5b5d2c22626f756e6473223a7b226c6f7765725269676874223a7b2278223a3332322c2279223a38337d2c2275707065724c656674223a7b2278223a3239322c2279223a35337d7d2c22646f636b657273223a5b7b2278223a3330372c2279223a36387d5d7d2c7b227265736f757263654964223a227369642d30353038313839442d433837342d343839352d394546312d353936453336303035303645222c2270726f70657274696573223a7b226f766572726964656964223a22222c226e616d65223a22222c22646f63756d656e746174696f6e223a22222c22636f6e646974696f6e73657175656e6365666c6f77223a22222c22657865637574696f6e6c697374656e657273223a22222c2264656661756c74666c6f77223a2266616c7365227d2c227374656e63696c223a7b226964223a2253657175656e6365466c6f77227d2c226368696c64536861706573223a5b5d2c226f7574676f696e67223a5b7b227265736f757263654964223a227369642d31393239343044452d353838342d343134372d383933332d313243333843303937433544227d5d2c22626f756e6473223a7b226c6f7765725269676874223a7b2278223a3239312e3339303632352c2279223a36387d2c2275707065724c656674223a7b2278223a3234372e38343337352c2279223a36387d7d2c22646f636b657273223a5b7b2278223a35302c2279223a34307d2c7b2278223a31352c2279223a31357d5d2c22746172676574223a7b227265736f757263654964223a227369642d31393239343044452d353838342d343134372d383933332d313243333843303937433544227d7d5d2c22626f756e6473223a7b226c6f7765725269676874223a7b2278223a313230302c2279223a313035307d2c2275707065724c656674223a7b2278223a302c2279223a307d7d2c227374656e63696c736574223a7b2275726c223a227374656e63696c736574732f62706d6e322e302f62706d6e322e302e6a736f6e222c226e616d657370616365223a22687474703a2f2f62336d6e2e6f72672f7374656e63696c7365742f62706d6e322e3023227d2c227373657874656e73696f6e73223a5b5d7d, null);
COMMIT;

-- ----------------------------
--  Table structure for `ACT_GE_PROPERTY`
-- ----------------------------
DROP TABLE IF EXISTS `ACT_GE_PROPERTY`;
CREATE TABLE `ACT_GE_PROPERTY` (
  `NAME_` varchar(64) COLLATE utf8_bin NOT NULL DEFAULT '',
  `VALUE_` varchar(300) COLLATE utf8_bin DEFAULT NULL,
  `REV_` int(11) DEFAULT NULL,
  PRIMARY KEY (`NAME_`)
) ENGINE=InnoDB DEFAULT CHARSET=utf8 COLLATE=utf8_bin;

-- ----------------------------
--  Records of `ACT_GE_PROPERTY`
-- ----------------------------
BEGIN;
INSERT INTO `ACT_GE_PROPERTY` VALUES ('next.dbid', '20001', '9'), ('schema.history', 'create(5.22.0.0)', '1'), ('schema.version', '5.22.0.0', '1');
COMMIT;

-- ----------------------------
--  Table structure for `ACT_HI_ACTINST`
-- ----------------------------
DROP TABLE IF EXISTS `ACT_HI_ACTINST`;
CREATE TABLE `ACT_HI_ACTINST` (
  `ID_` varchar(64) COLLATE utf8_bin NOT NULL,
  `PROC_DEF_ID_` varchar(64) COLLATE utf8_bin NOT NULL,
  `PROC_INST_ID_` varchar(64) COLLATE utf8_bin NOT NULL,
  `EXECUTION_ID_` varchar(64) COLLATE utf8_bin NOT NULL,
  `ACT_ID_` varchar(255) COLLATE utf8_bin NOT NULL,
  `TASK_ID_` varchar(64) COLLATE utf8_bin DEFAULT NULL,
  `CALL_PROC_INST_ID_` varchar(64) COLLATE utf8_bin DEFAULT NULL,
  `ACT_NAME_` varchar(255) COLLATE utf8_bin DEFAULT NULL,
  `ACT_TYPE_` varchar(255) COLLATE utf8_bin NOT NULL,
  `ASSIGNEE_` varchar(255) COLLATE utf8_bin DEFAULT NULL,
  `START_TIME_` datetime(3) NOT NULL,
  `END_TIME_` datetime(3) DEFAULT NULL,
  `DURATION_` bigint(20) DEFAULT NULL,
  `TENANT_ID_` varchar(255) COLLATE utf8_bin DEFAULT '',
  PRIMARY KEY (`ID_`),
  KEY `ACT_IDX_HI_ACT_INST_START` (`START_TIME_`),
  KEY `ACT_IDX_HI_ACT_INST_END` (`END_TIME_`),
  KEY `ACT_IDX_HI_ACT_INST_PROCINST` (`PROC_INST_ID_`,`ACT_ID_`),
  KEY `ACT_IDX_HI_ACT_INST_EXEC` (`EXECUTION_ID_`,`ACT_ID_`)
) ENGINE=InnoDB DEFAULT CHARSET=utf8 COLLATE=utf8_bin;

-- ----------------------------
--  Table structure for `ACT_HI_ATTACHMENT`
-- ----------------------------
DROP TABLE IF EXISTS `ACT_HI_ATTACHMENT`;
CREATE TABLE `ACT_HI_ATTACHMENT` (
  `ID_` varchar(64) COLLATE utf8_bin NOT NULL,
  `REV_` int(11) DEFAULT NULL,
  `USER_ID_` varchar(255) COLLATE utf8_bin DEFAULT NULL,
  `NAME_` varchar(255) COLLATE utf8_bin DEFAULT NULL,
  `DESCRIPTION_` varchar(4000) COLLATE utf8_bin DEFAULT NULL,
  `TYPE_` varchar(255) COLLATE utf8_bin DEFAULT NULL,
  `TASK_ID_` varchar(64) COLLATE utf8_bin DEFAULT NULL,
  `PROC_INST_ID_` varchar(64) COLLATE utf8_bin DEFAULT NULL,
  `URL_` varchar(4000) COLLATE utf8_bin DEFAULT NULL,
  `CONTENT_ID_` varchar(64) COLLATE utf8_bin DEFAULT NULL,
  `TIME_` datetime(3) DEFAULT NULL,
  PRIMARY KEY (`ID_`)
) ENGINE=InnoDB DEFAULT CHARSET=utf8 COLLATE=utf8_bin;

-- ----------------------------
--  Table structure for `ACT_HI_COMMENT`
-- ----------------------------
DROP TABLE IF EXISTS `ACT_HI_COMMENT`;
CREATE TABLE `ACT_HI_COMMENT` (
  `ID_` varchar(64) COLLATE utf8_bin NOT NULL,
  `TYPE_` varchar(255) COLLATE utf8_bin DEFAULT NULL,
  `TIME_` datetime(3) NOT NULL,
  `USER_ID_` varchar(255) COLLATE utf8_bin DEFAULT NULL,
  `TASK_ID_` varchar(64) COLLATE utf8_bin DEFAULT NULL,
  `PROC_INST_ID_` varchar(64) COLLATE utf8_bin DEFAULT NULL,
  `ACTION_` varchar(255) COLLATE utf8_bin DEFAULT NULL,
  `MESSAGE_` varchar(4000) COLLATE utf8_bin DEFAULT NULL,
  `FULL_MSG_` longblob,
  PRIMARY KEY (`ID_`)
) ENGINE=InnoDB DEFAULT CHARSET=utf8 COLLATE=utf8_bin;

-- ----------------------------
--  Table structure for `ACT_HI_DETAIL`
-- ----------------------------
DROP TABLE IF EXISTS `ACT_HI_DETAIL`;
CREATE TABLE `ACT_HI_DETAIL` (
  `ID_` varchar(64) COLLATE utf8_bin NOT NULL,
  `TYPE_` varchar(255) COLLATE utf8_bin NOT NULL,
  `PROC_INST_ID_` varchar(64) COLLATE utf8_bin DEFAULT NULL,
  `EXECUTION_ID_` varchar(64) COLLATE utf8_bin DEFAULT NULL,
  `TASK_ID_` varchar(64) COLLATE utf8_bin DEFAULT NULL,
  `ACT_INST_ID_` varchar(64) COLLATE utf8_bin DEFAULT NULL,
  `NAME_` varchar(255) COLLATE utf8_bin NOT NULL,
  `VAR_TYPE_` varchar(255) COLLATE utf8_bin DEFAULT NULL,
  `REV_` int(11) DEFAULT NULL,
  `TIME_` datetime(3) NOT NULL,
  `BYTEARRAY_ID_` varchar(64) COLLATE utf8_bin DEFAULT NULL,
  `DOUBLE_` double DEFAULT NULL,
  `LONG_` bigint(20) DEFAULT NULL,
  `TEXT_` varchar(4000) COLLATE utf8_bin DEFAULT NULL,
  `TEXT2_` varchar(4000) COLLATE utf8_bin DEFAULT NULL,
  PRIMARY KEY (`ID_`),
  KEY `ACT_IDX_HI_DETAIL_PROC_INST` (`PROC_INST_ID_`),
  KEY `ACT_IDX_HI_DETAIL_ACT_INST` (`ACT_INST_ID_`),
  KEY `ACT_IDX_HI_DETAIL_TIME` (`TIME_`),
  KEY `ACT_IDX_HI_DETAIL_NAME` (`NAME_`),
  KEY `ACT_IDX_HI_DETAIL_TASK_ID` (`TASK_ID_`)
) ENGINE=InnoDB DEFAULT CHARSET=utf8 COLLATE=utf8_bin;

-- ----------------------------
--  Table structure for `ACT_HI_IDENTITYLINK`
-- ----------------------------
DROP TABLE IF EXISTS `ACT_HI_IDENTITYLINK`;
CREATE TABLE `ACT_HI_IDENTITYLINK` (
  `ID_` varchar(64) COLLATE utf8_bin NOT NULL DEFAULT '',
  `GROUP_ID_` varchar(255) COLLATE utf8_bin DEFAULT NULL,
  `TYPE_` varchar(255) COLLATE utf8_bin DEFAULT NULL,
  `USER_ID_` varchar(255) COLLATE utf8_bin DEFAULT NULL,
  `TASK_ID_` varchar(64) COLLATE utf8_bin DEFAULT NULL,
  `PROC_INST_ID_` varchar(64) COLLATE utf8_bin DEFAULT NULL,
  PRIMARY KEY (`ID_`),
  KEY `ACT_IDX_HI_IDENT_LNK_USER` (`USER_ID_`),
  KEY `ACT_IDX_HI_IDENT_LNK_TASK` (`TASK_ID_`),
  KEY `ACT_IDX_HI_IDENT_LNK_PROCINST` (`PROC_INST_ID_`)
) ENGINE=InnoDB DEFAULT CHARSET=utf8 COLLATE=utf8_bin;

-- ----------------------------
--  Table structure for `ACT_HI_PROCINST`
-- ----------------------------
DROP TABLE IF EXISTS `ACT_HI_PROCINST`;
CREATE TABLE `ACT_HI_PROCINST` (
  `ID_` varchar(64) COLLATE utf8_bin NOT NULL,
  `PROC_INST_ID_` varchar(64) COLLATE utf8_bin NOT NULL,
  `BUSINESS_KEY_` varchar(255) COLLATE utf8_bin DEFAULT NULL,
  `PROC_DEF_ID_` varchar(64) COLLATE utf8_bin NOT NULL,
  `START_TIME_` datetime(3) NOT NULL,
  `END_TIME_` datetime(3) DEFAULT NULL,
  `DURATION_` bigint(20) DEFAULT NULL,
  `START_USER_ID_` varchar(255) COLLATE utf8_bin DEFAULT NULL,
  `START_ACT_ID_` varchar(255) COLLATE utf8_bin DEFAULT NULL,
  `END_ACT_ID_` varchar(255) COLLATE utf8_bin DEFAULT NULL,
  `SUPER_PROCESS_INSTANCE_ID_` varchar(64) COLLATE utf8_bin DEFAULT NULL,
  `DELETE_REASON_` varchar(4000) COLLATE utf8_bin DEFAULT NULL,
  `TENANT_ID_` varchar(255) COLLATE utf8_bin DEFAULT '',
  `NAME_` varchar(255) COLLATE utf8_bin DEFAULT NULL,
  PRIMARY KEY (`ID_`),
  UNIQUE KEY `PROC_INST_ID_` (`PROC_INST_ID_`),
  KEY `ACT_IDX_HI_PRO_INST_END` (`END_TIME_`),
  KEY `ACT_IDX_HI_PRO_I_BUSKEY` (`BUSINESS_KEY_`)
) ENGINE=InnoDB DEFAULT CHARSET=utf8 COLLATE=utf8_bin;

-- ----------------------------
--  Table structure for `ACT_HI_TASKINST`
-- ----------------------------
DROP TABLE IF EXISTS `ACT_HI_TASKINST`;
CREATE TABLE `ACT_HI_TASKINST` (
  `ID_` varchar(64) COLLATE utf8_bin NOT NULL,
  `PROC_DEF_ID_` varchar(64) COLLATE utf8_bin DEFAULT NULL,
  `TASK_DEF_KEY_` varchar(255) COLLATE utf8_bin DEFAULT NULL,
  `PROC_INST_ID_` varchar(64) COLLATE utf8_bin DEFAULT NULL,
  `EXECUTION_ID_` varchar(64) COLLATE utf8_bin DEFAULT NULL,
  `NAME_` varchar(255) COLLATE utf8_bin DEFAULT NULL,
  `PARENT_TASK_ID_` varchar(64) COLLATE utf8_bin DEFAULT NULL,
  `DESCRIPTION_` varchar(4000) COLLATE utf8_bin DEFAULT NULL,
  `OWNER_` varchar(255) COLLATE utf8_bin DEFAULT NULL,
  `ASSIGNEE_` varchar(255) COLLATE utf8_bin DEFAULT NULL,
  `START_TIME_` datetime(3) NOT NULL,
  `CLAIM_TIME_` datetime(3) DEFAULT NULL,
  `END_TIME_` datetime(3) DEFAULT NULL,
  `DURATION_` bigint(20) DEFAULT NULL,
  `DELETE_REASON_` varchar(4000) COLLATE utf8_bin DEFAULT NULL,
  `PRIORITY_` int(11) DEFAULT NULL,
  `DUE_DATE_` datetime(3) DEFAULT NULL,
  `FORM_KEY_` varchar(255) COLLATE utf8_bin DEFAULT NULL,
  `CATEGORY_` varchar(255) COLLATE utf8_bin DEFAULT NULL,
  `TENANT_ID_` varchar(255) COLLATE utf8_bin DEFAULT '',
  PRIMARY KEY (`ID_`),
  KEY `ACT_IDX_HI_TASK_INST_PROCINST` (`PROC_INST_ID_`)
) ENGINE=InnoDB DEFAULT CHARSET=utf8 COLLATE=utf8_bin;

-- ----------------------------
--  Table structure for `ACT_HI_VARINST`
-- ----------------------------
DROP TABLE IF EXISTS `ACT_HI_VARINST`;
CREATE TABLE `ACT_HI_VARINST` (
  `ID_` varchar(64) COLLATE utf8_bin NOT NULL,
  `PROC_INST_ID_` varchar(64) COLLATE utf8_bin DEFAULT NULL,
  `EXECUTION_ID_` varchar(64) COLLATE utf8_bin DEFAULT NULL,
  `TASK_ID_` varchar(64) COLLATE utf8_bin DEFAULT NULL,
  `NAME_` varchar(255) COLLATE utf8_bin NOT NULL,
  `VAR_TYPE_` varchar(100) COLLATE utf8_bin DEFAULT NULL,
  `REV_` int(11) DEFAULT NULL,
  `BYTEARRAY_ID_` varchar(64) COLLATE utf8_bin DEFAULT NULL,
  `DOUBLE_` double DEFAULT NULL,
  `LONG_` bigint(20) DEFAULT NULL,
  `TEXT_` varchar(4000) COLLATE utf8_bin DEFAULT NULL,
  `TEXT2_` varchar(4000) COLLATE utf8_bin DEFAULT NULL,
  `CREATE_TIME_` datetime(3) DEFAULT NULL,
  `LAST_UPDATED_TIME_` datetime(3) DEFAULT NULL,
  PRIMARY KEY (`ID_`),
  KEY `ACT_IDX_HI_PROCVAR_PROC_INST` (`PROC_INST_ID_`),
  KEY `ACT_IDX_HI_PROCVAR_NAME_TYPE` (`NAME_`,`VAR_TYPE_`),
  KEY `ACT_IDX_HI_PROCVAR_TASK_ID` (`TASK_ID_`)
) ENGINE=InnoDB DEFAULT CHARSET=utf8 COLLATE=utf8_bin;

-- ----------------------------
--  Table structure for `ACT_ID_GROUP`
-- ----------------------------
DROP TABLE IF EXISTS `ACT_ID_GROUP`;
CREATE TABLE `ACT_ID_GROUP` (
  `ID_` varchar(64) COLLATE utf8_bin NOT NULL DEFAULT '',
  `REV_` int(11) DEFAULT NULL,
  `NAME_` varchar(255) COLLATE utf8_bin DEFAULT NULL,
  `TYPE_` varchar(255) COLLATE utf8_bin DEFAULT NULL,
  PRIMARY KEY (`ID_`)
) ENGINE=InnoDB DEFAULT CHARSET=utf8 COLLATE=utf8_bin;

-- ----------------------------
--  Table structure for `ACT_ID_INFO`
-- ----------------------------
DROP TABLE IF EXISTS `ACT_ID_INFO`;
CREATE TABLE `ACT_ID_INFO` (
  `ID_` varchar(64) COLLATE utf8_bin NOT NULL DEFAULT '',
  `REV_` int(11) DEFAULT NULL,
  `USER_ID_` varchar(64) COLLATE utf8_bin DEFAULT NULL,
  `TYPE_` varchar(64) COLLATE utf8_bin DEFAULT NULL,
  `KEY_` varchar(255) COLLATE utf8_bin DEFAULT NULL,
  `VALUE_` varchar(255) COLLATE utf8_bin DEFAULT NULL,
  `PASSWORD_` longblob,
  `PARENT_ID_` varchar(255) COLLATE utf8_bin DEFAULT NULL,
  PRIMARY KEY (`ID_`)
) ENGINE=InnoDB DEFAULT CHARSET=utf8 COLLATE=utf8_bin;

-- ----------------------------
--  Table structure for `ACT_ID_MEMBERSHIP`
-- ----------------------------
DROP TABLE IF EXISTS `ACT_ID_MEMBERSHIP`;
CREATE TABLE `ACT_ID_MEMBERSHIP` (
  `USER_ID_` varchar(64) COLLATE utf8_bin NOT NULL DEFAULT '',
  `GROUP_ID_` varchar(64) COLLATE utf8_bin NOT NULL DEFAULT '',
  PRIMARY KEY (`USER_ID_`,`GROUP_ID_`),
  KEY `ACT_FK_MEMB_GROUP` (`GROUP_ID_`),
  CONSTRAINT `act_id_membership_ibfk_1` FOREIGN KEY (`GROUP_ID_`) REFERENCES `ACT_ID_GROUP` (`ID_`),
  CONSTRAINT `act_id_membership_ibfk_2` FOREIGN KEY (`USER_ID_`) REFERENCES `ACT_ID_USER` (`ID_`)
) ENGINE=InnoDB DEFAULT CHARSET=utf8 COLLATE=utf8_bin;

-- ----------------------------
--  Table structure for `ACT_ID_USER`
-- ----------------------------
DROP TABLE IF EXISTS `ACT_ID_USER`;
CREATE TABLE `ACT_ID_USER` (
  `ID_` varchar(64) COLLATE utf8_bin NOT NULL DEFAULT '',
  `REV_` int(11) DEFAULT NULL,
  `FIRST_` varchar(255) COLLATE utf8_bin DEFAULT NULL,
  `LAST_` varchar(255) COLLATE utf8_bin DEFAULT NULL,
  `EMAIL_` varchar(255) COLLATE utf8_bin DEFAULT NULL,
  `PWD_` varchar(255) COLLATE utf8_bin DEFAULT NULL,
  `PICTURE_ID_` varchar(64) COLLATE utf8_bin DEFAULT NULL,
  PRIMARY KEY (`ID_`)
) ENGINE=InnoDB DEFAULT CHARSET=utf8 COLLATE=utf8_bin;

-- ----------------------------
--  Table structure for `ACT_PROCDEF_INFO`
-- ----------------------------
DROP TABLE IF EXISTS `ACT_PROCDEF_INFO`;
CREATE TABLE `ACT_PROCDEF_INFO` (
  `ID_` varchar(64) COLLATE utf8_bin NOT NULL,
  `PROC_DEF_ID_` varchar(64) COLLATE utf8_bin NOT NULL,
  `REV_` int(11) DEFAULT NULL,
  `INFO_JSON_ID_` varchar(64) COLLATE utf8_bin DEFAULT NULL,
  PRIMARY KEY (`ID_`),
  UNIQUE KEY `ACT_UNIQ_INFO_PROCDEF` (`PROC_DEF_ID_`),
  KEY `ACT_IDX_INFO_PROCDEF` (`PROC_DEF_ID_`),
  KEY `ACT_FK_INFO_JSON_BA` (`INFO_JSON_ID_`),
  CONSTRAINT `act_procdef_info_ibfk_1` FOREIGN KEY (`INFO_JSON_ID_`) REFERENCES `ACT_GE_BYTEARRAY` (`ID_`),
  CONSTRAINT `act_procdef_info_ibfk_2` FOREIGN KEY (`PROC_DEF_ID_`) REFERENCES `ACT_RE_PROCDEF` (`ID_`)
) ENGINE=InnoDB DEFAULT CHARSET=utf8 COLLATE=utf8_bin;

-- ----------------------------
--  Table structure for `ACT_RE_DEPLOYMENT`
-- ----------------------------
DROP TABLE IF EXISTS `ACT_RE_DEPLOYMENT`;
CREATE TABLE `ACT_RE_DEPLOYMENT` (
  `ID_` varchar(64) COLLATE utf8_bin NOT NULL DEFAULT '',
  `NAME_` varchar(255) COLLATE utf8_bin DEFAULT NULL,
  `CATEGORY_` varchar(255) COLLATE utf8_bin DEFAULT NULL,
  `TENANT_ID_` varchar(255) COLLATE utf8_bin DEFAULT '',
  `DEPLOY_TIME_` timestamp(3) NULL DEFAULT NULL,
  PRIMARY KEY (`ID_`)
) ENGINE=InnoDB DEFAULT CHARSET=utf8 COLLATE=utf8_bin;

-- ----------------------------
--  Table structure for `ACT_RE_MODEL`
-- ----------------------------
DROP TABLE IF EXISTS `ACT_RE_MODEL`;
CREATE TABLE `ACT_RE_MODEL` (
  `ID_` varchar(64) COLLATE utf8_bin NOT NULL,
  `REV_` int(11) DEFAULT NULL,
  `NAME_` varchar(255) COLLATE utf8_bin DEFAULT NULL,
  `KEY_` varchar(255) COLLATE utf8_bin DEFAULT NULL,
  `CATEGORY_` varchar(255) COLLATE utf8_bin DEFAULT NULL,
  `CREATE_TIME_` timestamp(3) NULL DEFAULT NULL,
  `LAST_UPDATE_TIME_` timestamp(3) NULL DEFAULT NULL,
  `VERSION_` int(11) DEFAULT NULL,
  `META_INFO_` varchar(4000) COLLATE utf8_bin DEFAULT NULL,
  `DEPLOYMENT_ID_` varchar(64) COLLATE utf8_bin DEFAULT NULL,
  `EDITOR_SOURCE_VALUE_ID_` varchar(64) COLLATE utf8_bin DEFAULT NULL,
  `EDITOR_SOURCE_EXTRA_VALUE_ID_` varchar(64) COLLATE utf8_bin DEFAULT NULL,
  `TENANT_ID_` varchar(255) COLLATE utf8_bin DEFAULT '',
  PRIMARY KEY (`ID_`),
  KEY `ACT_FK_MODEL_SOURCE` (`EDITOR_SOURCE_VALUE_ID_`),
  KEY `ACT_FK_MODEL_SOURCE_EXTRA` (`EDITOR_SOURCE_EXTRA_VALUE_ID_`),
  KEY `ACT_FK_MODEL_DEPLOYMENT` (`DEPLOYMENT_ID_`),
  CONSTRAINT `act_re_model_ibfk_1` FOREIGN KEY (`DEPLOYMENT_ID_`) REFERENCES `ACT_RE_DEPLOYMENT` (`ID_`),
  CONSTRAINT `act_re_model_ibfk_2` FOREIGN KEY (`EDITOR_SOURCE_VALUE_ID_`) REFERENCES `ACT_GE_BYTEARRAY` (`ID_`),
  CONSTRAINT `act_re_model_ibfk_3` FOREIGN KEY (`EDITOR_SOURCE_EXTRA_VALUE_ID_`) REFERENCES `ACT_GE_BYTEARRAY` (`ID_`)
) ENGINE=InnoDB DEFAULT CHARSET=utf8 COLLATE=utf8_bin;

-- ----------------------------
--  Records of `ACT_RE_MODEL`
-- ----------------------------
BEGIN;
INSERT INTO `ACT_RE_MODEL` VALUES ('12501', '6', 'hongkai01', null, null, '2017-02-02 15:40:58.142', '2017-02-02 15:43:47.517', '1', '{\"name\":\"hongkai01\",\"revision\":\"1\",\"description\":\"admin1\"}', null, '12502', '12503', ''), ('15001', '5', 'hongkai02', null, null, '2017-04-05 11:18:43.516', '2017-04-05 11:19:39.924', '2', '{\"name\":\"hongkai02\",\"revision\":\"02\",\"description\":\"admin1\"}', null, '15002', '15003', ''), ('15004', '2', ' v  v ', null, null, '2017-04-05 16:06:46.845', '2017-04-05 16:06:46.854', '222', '{\"name\":\" v  v \",\"revision\":\"222\",\"description\":\"admin1\"}', null, '15005', null, ''), ('17501', '8', 'xinsss', null, null, '2017-06-14 15:51:22.518', '2017-06-14 15:54:17.822', '2', '{\"name\":\"xinsss\",\"revision\":\"2\",\"description\":\"admin1\"}', null, '17502', null, '');
COMMIT;

-- ----------------------------
--  Table structure for `ACT_RE_PROCDEF`
-- ----------------------------
DROP TABLE IF EXISTS `ACT_RE_PROCDEF`;
CREATE TABLE `ACT_RE_PROCDEF` (
  `ID_` varchar(64) COLLATE utf8_bin NOT NULL,
  `REV_` int(11) DEFAULT NULL,
  `CATEGORY_` varchar(255) COLLATE utf8_bin DEFAULT NULL,
  `NAME_` varchar(255) COLLATE utf8_bin DEFAULT NULL,
  `KEY_` varchar(255) COLLATE utf8_bin NOT NULL,
  `VERSION_` int(11) NOT NULL,
  `DEPLOYMENT_ID_` varchar(64) COLLATE utf8_bin DEFAULT NULL,
  `RESOURCE_NAME_` varchar(4000) COLLATE utf8_bin DEFAULT NULL,
  `DGRM_RESOURCE_NAME_` varchar(4000) COLLATE utf8_bin DEFAULT NULL,
  `DESCRIPTION_` varchar(4000) COLLATE utf8_bin DEFAULT NULL,
  `HAS_START_FORM_KEY_` tinyint(4) DEFAULT NULL,
  `HAS_GRAPHICAL_NOTATION_` tinyint(4) DEFAULT NULL,
  `SUSPENSION_STATE_` int(11) DEFAULT NULL,
  `TENANT_ID_` varchar(255) COLLATE utf8_bin DEFAULT '',
  PRIMARY KEY (`ID_`),
  UNIQUE KEY `ACT_UNIQ_PROCDEF` (`KEY_`,`VERSION_`,`TENANT_ID_`)
) ENGINE=InnoDB DEFAULT CHARSET=utf8 COLLATE=utf8_bin;

-- ----------------------------
--  Table structure for `ACT_RU_EVENT_SUBSCR`
-- ----------------------------
DROP TABLE IF EXISTS `ACT_RU_EVENT_SUBSCR`;
CREATE TABLE `ACT_RU_EVENT_SUBSCR` (
  `ID_` varchar(64) COLLATE utf8_bin NOT NULL,
  `REV_` int(11) DEFAULT NULL,
  `EVENT_TYPE_` varchar(255) COLLATE utf8_bin NOT NULL,
  `EVENT_NAME_` varchar(255) COLLATE utf8_bin DEFAULT NULL,
  `EXECUTION_ID_` varchar(64) COLLATE utf8_bin DEFAULT NULL,
  `PROC_INST_ID_` varchar(64) COLLATE utf8_bin DEFAULT NULL,
  `ACTIVITY_ID_` varchar(64) COLLATE utf8_bin DEFAULT NULL,
  `CONFIGURATION_` varchar(255) COLLATE utf8_bin DEFAULT NULL,
  `CREATED_` timestamp(3) NOT NULL DEFAULT CURRENT_TIMESTAMP(3),
  `PROC_DEF_ID_` varchar(64) COLLATE utf8_bin DEFAULT NULL,
  `TENANT_ID_` varchar(255) COLLATE utf8_bin DEFAULT '',
  PRIMARY KEY (`ID_`),
  KEY `ACT_IDX_EVENT_SUBSCR_CONFIG_` (`CONFIGURATION_`),
  KEY `ACT_FK_EVENT_EXEC` (`EXECUTION_ID_`),
  CONSTRAINT `act_ru_event_subscr_ibfk_1` FOREIGN KEY (`EXECUTION_ID_`) REFERENCES `ACT_RU_EXECUTION` (`ID_`)
) ENGINE=InnoDB DEFAULT CHARSET=utf8 COLLATE=utf8_bin;

-- ----------------------------
--  Table structure for `ACT_RU_EXECUTION`
-- ----------------------------
DROP TABLE IF EXISTS `ACT_RU_EXECUTION`;
CREATE TABLE `ACT_RU_EXECUTION` (
  `ID_` varchar(64) COLLATE utf8_bin NOT NULL DEFAULT '',
  `REV_` int(11) DEFAULT NULL,
  `PROC_INST_ID_` varchar(64) COLLATE utf8_bin DEFAULT NULL,
  `BUSINESS_KEY_` varchar(255) COLLATE utf8_bin DEFAULT NULL,
  `PARENT_ID_` varchar(64) COLLATE utf8_bin DEFAULT NULL,
  `PROC_DEF_ID_` varchar(64) COLLATE utf8_bin DEFAULT NULL,
  `SUPER_EXEC_` varchar(64) COLLATE utf8_bin DEFAULT NULL,
  `ACT_ID_` varchar(255) COLLATE utf8_bin DEFAULT NULL,
  `IS_ACTIVE_` tinyint(4) DEFAULT NULL,
  `IS_CONCURRENT_` tinyint(4) DEFAULT NULL,
  `IS_SCOPE_` tinyint(4) DEFAULT NULL,
  `IS_EVENT_SCOPE_` tinyint(4) DEFAULT NULL,
  `SUSPENSION_STATE_` int(11) DEFAULT NULL,
  `CACHED_ENT_STATE_` int(11) DEFAULT NULL,
  `TENANT_ID_` varchar(255) COLLATE utf8_bin DEFAULT '',
  `NAME_` varchar(255) COLLATE utf8_bin DEFAULT NULL,
  `LOCK_TIME_` timestamp(3) NULL DEFAULT NULL,
  PRIMARY KEY (`ID_`),
  KEY `ACT_IDX_EXEC_BUSKEY` (`BUSINESS_KEY_`),
  KEY `ACT_FK_EXE_PROCINST` (`PROC_INST_ID_`),
  KEY `ACT_FK_EXE_PARENT` (`PARENT_ID_`),
  KEY `ACT_FK_EXE_SUPER` (`SUPER_EXEC_`),
  KEY `ACT_FK_EXE_PROCDEF` (`PROC_DEF_ID_`),
  CONSTRAINT `act_ru_execution_ibfk_1` FOREIGN KEY (`PARENT_ID_`) REFERENCES `ACT_RU_EXECUTION` (`ID_`),
  CONSTRAINT `act_ru_execution_ibfk_2` FOREIGN KEY (`PROC_DEF_ID_`) REFERENCES `ACT_RE_PROCDEF` (`ID_`),
  CONSTRAINT `act_ru_execution_ibfk_3` FOREIGN KEY (`PROC_INST_ID_`) REFERENCES `ACT_RU_EXECUTION` (`ID_`) ON DELETE CASCADE ON UPDATE CASCADE,
  CONSTRAINT `act_ru_execution_ibfk_4` FOREIGN KEY (`SUPER_EXEC_`) REFERENCES `ACT_RU_EXECUTION` (`ID_`)
) ENGINE=InnoDB DEFAULT CHARSET=utf8 COLLATE=utf8_bin;

-- ----------------------------
--  Table structure for `ACT_RU_IDENTITYLINK`
-- ----------------------------
DROP TABLE IF EXISTS `ACT_RU_IDENTITYLINK`;
CREATE TABLE `ACT_RU_IDENTITYLINK` (
  `ID_` varchar(64) COLLATE utf8_bin NOT NULL DEFAULT '',
  `REV_` int(11) DEFAULT NULL,
  `GROUP_ID_` varchar(255) COLLATE utf8_bin DEFAULT NULL,
  `TYPE_` varchar(255) COLLATE utf8_bin DEFAULT NULL,
  `USER_ID_` varchar(255) COLLATE utf8_bin DEFAULT NULL,
  `TASK_ID_` varchar(64) COLLATE utf8_bin DEFAULT NULL,
  `PROC_INST_ID_` varchar(64) COLLATE utf8_bin DEFAULT NULL,
  `PROC_DEF_ID_` varchar(64) COLLATE utf8_bin DEFAULT NULL,
  PRIMARY KEY (`ID_`),
  KEY `ACT_IDX_IDENT_LNK_USER` (`USER_ID_`),
  KEY `ACT_IDX_IDENT_LNK_GROUP` (`GROUP_ID_`),
  KEY `ACT_IDX_ATHRZ_PROCEDEF` (`PROC_DEF_ID_`),
  KEY `ACT_FK_TSKASS_TASK` (`TASK_ID_`),
  KEY `ACT_FK_IDL_PROCINST` (`PROC_INST_ID_`),
  CONSTRAINT `act_ru_identitylink_ibfk_1` FOREIGN KEY (`PROC_DEF_ID_`) REFERENCES `ACT_RE_PROCDEF` (`ID_`),
  CONSTRAINT `act_ru_identitylink_ibfk_2` FOREIGN KEY (`PROC_INST_ID_`) REFERENCES `ACT_RU_EXECUTION` (`ID_`),
  CONSTRAINT `act_ru_identitylink_ibfk_3` FOREIGN KEY (`TASK_ID_`) REFERENCES `ACT_RU_TASK` (`ID_`)
) ENGINE=InnoDB DEFAULT CHARSET=utf8 COLLATE=utf8_bin;

-- ----------------------------
--  Table structure for `ACT_RU_JOB`
-- ----------------------------
DROP TABLE IF EXISTS `ACT_RU_JOB`;
CREATE TABLE `ACT_RU_JOB` (
  `ID_` varchar(64) COLLATE utf8_bin NOT NULL,
  `REV_` int(11) DEFAULT NULL,
  `TYPE_` varchar(255) COLLATE utf8_bin NOT NULL,
  `LOCK_EXP_TIME_` timestamp(3) NULL DEFAULT NULL,
  `LOCK_OWNER_` varchar(255) COLLATE utf8_bin DEFAULT NULL,
  `EXCLUSIVE_` tinyint(1) DEFAULT NULL,
  `EXECUTION_ID_` varchar(64) COLLATE utf8_bin DEFAULT NULL,
  `PROCESS_INSTANCE_ID_` varchar(64) COLLATE utf8_bin DEFAULT NULL,
  `PROC_DEF_ID_` varchar(64) COLLATE utf8_bin DEFAULT NULL,
  `RETRIES_` int(11) DEFAULT NULL,
  `EXCEPTION_STACK_ID_` varchar(64) COLLATE utf8_bin DEFAULT NULL,
  `EXCEPTION_MSG_` varchar(4000) COLLATE utf8_bin DEFAULT NULL,
  `DUEDATE_` timestamp(3) NULL DEFAULT NULL,
  `REPEAT_` varchar(255) COLLATE utf8_bin DEFAULT NULL,
  `HANDLER_TYPE_` varchar(255) COLLATE utf8_bin DEFAULT NULL,
  `HANDLER_CFG_` varchar(4000) COLLATE utf8_bin DEFAULT NULL,
  `TENANT_ID_` varchar(255) COLLATE utf8_bin DEFAULT '',
  PRIMARY KEY (`ID_`),
  KEY `ACT_FK_JOB_EXCEPTION` (`EXCEPTION_STACK_ID_`),
  CONSTRAINT `act_ru_job_ibfk_1` FOREIGN KEY (`EXCEPTION_STACK_ID_`) REFERENCES `ACT_GE_BYTEARRAY` (`ID_`)
) ENGINE=InnoDB DEFAULT CHARSET=utf8 COLLATE=utf8_bin;

-- ----------------------------
--  Table structure for `ACT_RU_TASK`
-- ----------------------------
DROP TABLE IF EXISTS `ACT_RU_TASK`;
CREATE TABLE `ACT_RU_TASK` (
  `ID_` varchar(64) COLLATE utf8_bin NOT NULL DEFAULT '',
  `REV_` int(11) DEFAULT NULL,
  `EXECUTION_ID_` varchar(64) COLLATE utf8_bin DEFAULT NULL,
  `PROC_INST_ID_` varchar(64) COLLATE utf8_bin DEFAULT NULL,
  `PROC_DEF_ID_` varchar(64) COLLATE utf8_bin DEFAULT NULL,
  `NAME_` varchar(255) COLLATE utf8_bin DEFAULT NULL,
  `PARENT_TASK_ID_` varchar(64) COLLATE utf8_bin DEFAULT NULL,
  `DESCRIPTION_` varchar(4000) COLLATE utf8_bin DEFAULT NULL,
  `TASK_DEF_KEY_` varchar(255) COLLATE utf8_bin DEFAULT NULL,
  `OWNER_` varchar(255) COLLATE utf8_bin DEFAULT NULL,
  `ASSIGNEE_` varchar(255) COLLATE utf8_bin DEFAULT NULL,
  `DELEGATION_` varchar(64) COLLATE utf8_bin DEFAULT NULL,
  `PRIORITY_` int(11) DEFAULT NULL,
  `CREATE_TIME_` timestamp(3) NULL DEFAULT NULL,
  `DUE_DATE_` datetime(3) DEFAULT NULL,
  `CATEGORY_` varchar(255) COLLATE utf8_bin DEFAULT NULL,
  `SUSPENSION_STATE_` int(11) DEFAULT NULL,
  `TENANT_ID_` varchar(255) COLLATE utf8_bin DEFAULT '',
  `FORM_KEY_` varchar(255) COLLATE utf8_bin DEFAULT NULL,
  PRIMARY KEY (`ID_`),
  KEY `ACT_IDX_TASK_CREATE` (`CREATE_TIME_`),
  KEY `ACT_FK_TASK_EXE` (`EXECUTION_ID_`),
  KEY `ACT_FK_TASK_PROCINST` (`PROC_INST_ID_`),
  KEY `ACT_FK_TASK_PROCDEF` (`PROC_DEF_ID_`),
  CONSTRAINT `act_ru_task_ibfk_1` FOREIGN KEY (`EXECUTION_ID_`) REFERENCES `ACT_RU_EXECUTION` (`ID_`),
  CONSTRAINT `act_ru_task_ibfk_2` FOREIGN KEY (`PROC_DEF_ID_`) REFERENCES `ACT_RE_PROCDEF` (`ID_`),
  CONSTRAINT `act_ru_task_ibfk_3` FOREIGN KEY (`PROC_INST_ID_`) REFERENCES `ACT_RU_EXECUTION` (`ID_`)
) ENGINE=InnoDB DEFAULT CHARSET=utf8 COLLATE=utf8_bin;

-- ----------------------------
--  Table structure for `ACT_RU_VARIABLE`
-- ----------------------------
DROP TABLE IF EXISTS `ACT_RU_VARIABLE`;
CREATE TABLE `ACT_RU_VARIABLE` (
  `ID_` varchar(64) COLLATE utf8_bin NOT NULL,
  `REV_` int(11) DEFAULT NULL,
  `TYPE_` varchar(255) COLLATE utf8_bin NOT NULL,
  `NAME_` varchar(255) COLLATE utf8_bin NOT NULL,
  `EXECUTION_ID_` varchar(64) COLLATE utf8_bin DEFAULT NULL,
  `PROC_INST_ID_` varchar(64) COLLATE utf8_bin DEFAULT NULL,
  `TASK_ID_` varchar(64) COLLATE utf8_bin DEFAULT NULL,
  `BYTEARRAY_ID_` varchar(64) COLLATE utf8_bin DEFAULT NULL,
  `DOUBLE_` double DEFAULT NULL,
  `LONG_` bigint(20) DEFAULT NULL,
  `TEXT_` varchar(4000) COLLATE utf8_bin DEFAULT NULL,
  `TEXT2_` varchar(4000) COLLATE utf8_bin DEFAULT NULL,
  PRIMARY KEY (`ID_`),
  KEY `ACT_IDX_VARIABLE_TASK_ID` (`TASK_ID_`),
  KEY `ACT_FK_VAR_EXE` (`EXECUTION_ID_`),
  KEY `ACT_FK_VAR_PROCINST` (`PROC_INST_ID_`),
  KEY `ACT_FK_VAR_BYTEARRAY` (`BYTEARRAY_ID_`),
  CONSTRAINT `act_ru_variable_ibfk_1` FOREIGN KEY (`BYTEARRAY_ID_`) REFERENCES `ACT_GE_BYTEARRAY` (`ID_`),
  CONSTRAINT `act_ru_variable_ibfk_2` FOREIGN KEY (`EXECUTION_ID_`) REFERENCES `ACT_RU_EXECUTION` (`ID_`),
  CONSTRAINT `act_ru_variable_ibfk_3` FOREIGN KEY (`PROC_INST_ID_`) REFERENCES `ACT_RU_EXECUTION` (`ID_`)
) ENGINE=InnoDB DEFAULT CHARSET=utf8 COLLATE=utf8_bin;

-- ----------------------------
--  Table structure for `AC_MANAGEMENT`
-- ----------------------------
DROP TABLE IF EXISTS `AC_MANAGEMENT`;
CREATE TABLE `AC_MANAGEMENT` (
  `MANAGEMENT_ID` varchar(100) NOT NULL,
  `ID` int(11) NOT NULL COMMENT '??ID',
  `ACCOUNTUSER` varchar(255) DEFAULT NULL COMMENT '???',
  `BALANCE` double(11,2) DEFAULT NULL COMMENT '????',
  `STATE` varchar(32) DEFAULT NULL COMMENT '????',
  PRIMARY KEY (`MANAGEMENT_ID`)
) ENGINE=InnoDB DEFAULT CHARSET=utf8;

-- ----------------------------
--  Table structure for `AC_PAYMENTTYPE`
-- ----------------------------
DROP TABLE IF EXISTS `AC_PAYMENTTYPE`;
CREATE TABLE `AC_PAYMENTTYPE` (
  `PAYMENTTYPE_ID` varchar(100) NOT NULL,
  `PAYMENT` int(11) NOT NULL COMMENT '??ID',
  `PAYMENTNAME` varchar(255) DEFAULT NULL COMMENT '????',
  `TRANSACTIONTYPE` varchar(64) DEFAULT NULL COMMENT '????',
  `COUNTRY` varchar(255) DEFAULT NULL COMMENT '????',
  `STARTTIME` varchar(32) DEFAULT NULL COMMENT '????',
  `ENDTIME` varchar(32) DEFAULT NULL COMMENT '????',
  `STATE` varchar(16) DEFAULT NULL COMMENT '??',
  `INTRODUCE` varchar(2000) DEFAULT NULL COMMENT '????',
  PRIMARY KEY (`PAYMENTTYPE_ID`)
) ENGINE=InnoDB DEFAULT CHARSET=utf8;

-- ----------------------------
--  Table structure for `CD_CODETEMPLATE`
-- ----------------------------
DROP TABLE IF EXISTS `CD_CODETEMPLATE`;
CREATE TABLE `CD_CODETEMPLATE` (
  `CODETEMPLATE_ID` varchar(100) NOT NULL,
  `TEMPLATE_ID` int(11) NOT NULL COMMENT '??ID',
  `TEMPLATE_NAME` varchar(255) DEFAULT NULL COMMENT '????',
  `TEMPLATE_TYPE` varchar(255) DEFAULT NULL COMMENT '????',
  `TEMPLATE_LANGUAGE` varchar(255) DEFAULT NULL COMMENT '????',
  `TEMPLATE_CODE` varchar(4000) DEFAULT NULL COMMENT '????',
  PRIMARY KEY (`CODETEMPLATE_ID`)
) ENGINE=InnoDB DEFAULT CHARSET=utf8;

-- ----------------------------
--  Table structure for `RP_MANAGER`
-- ----------------------------
DROP TABLE IF EXISTS `RP_MANAGER`;
CREATE TABLE `RP_MANAGER` (
  `MANAGER_ID` varchar(100) NOT NULL,
  `ID` int(11) NOT NULL COMMENT '??ID',
  `MODELNAME` varchar(255) DEFAULT NULL COMMENT '????',
  `STATE` varchar(16) DEFAULT NULL COMMENT '????',
  `CREATETIME` varchar(32) DEFAULT NULL COMMENT '????',
  `CREATOR` varchar(255) DEFAULT NULL COMMENT '???',
  `MODEL` varchar(4000) DEFAULT NULL COMMENT '??',
  `VERSION` varchar(16) DEFAULT NULL COMMENT '????',
  `REMARKS` varchar(600) DEFAULT NULL COMMENT '??',
  PRIMARY KEY (`MANAGER_ID`)
) ENGINE=InnoDB DEFAULT CHARSET=utf8;

-- ----------------------------
--  Table structure for `STOREMANAGERSTOREMANAGER`
-- ----------------------------
DROP TABLE IF EXISTS `STOREMANAGERSTOREMANAGER`;
CREATE TABLE `STOREMANAGERSTOREMANAGER` (
  `STOREMANAGER_ID` varchar(100) NOT NULL,
  `STORENUMBER` varchar(255) DEFAULT NULL COMMENT '????',
  `STORENAME` varchar(255) DEFAULT NULL COMMENT '????',
  `STORETYPE` varchar(255) DEFAULT NULL COMMENT '????',
  `STOREADDER` varchar(255) DEFAULT NULL COMMENT '????',
  `STOREPAY` double(11,2) DEFAULT NULL COMMENT '????',
  `STORECOUNT` int(11) NOT NULL COMMENT '????',
  PRIMARY KEY (`STOREMANAGER_ID`)
) ENGINE=InnoDB DEFAULT CHARSET=utf8;

-- ----------------------------
--  Records of `STOREMANAGERSTOREMANAGER`
-- ----------------------------
BEGIN;
INSERT INTO `STOREMANAGERSTOREMANAGER` VALUES ('9a9e8e170993460987df6065b9f12138', 'B001', 'C++', '', '4112001', '68.05', '193'), ('bb9e1e748fc74da89da676f7f4d6b5cb', 'B001', 'JAVA', '', '5121004', '68.00', '200');
COMMIT;

-- ----------------------------
--  Table structure for `TB_INTEGRAL`
-- ----------------------------
DROP TABLE IF EXISTS `TB_INTEGRAL`;
CREATE TABLE `TB_INTEGRAL` (
  `INTEGRAL_ID` varchar(100) NOT NULL,
  `CARDNUMBER` int(11) NOT NULL COMMENT '??',
  `CHANGETYPE` varchar(32) DEFAULT NULL COMMENT '????',
  `VARIABLEAMOUNT` int(11) NOT NULL COMMENT '????',
  `CONSUMERSHOP` varchar(255) DEFAULT NULL COMMENT '????',
  `ORIGINALSHOP` varchar(255) DEFAULT NULL COMMENT '????',
  `OPERATOR` varchar(255) DEFAULT NULL COMMENT '???',
  `CHANGETIME` varchar(32) DEFAULT NULL COMMENT '????',
  `REMARKS` varchar(255) DEFAULT NULL COMMENT '??',
  PRIMARY KEY (`INTEGRAL_ID`)
) ENGINE=InnoDB DEFAULT CHARSET=utf8;

-- ----------------------------
--  Table structure for `TB_MEMBERCARD`
-- ----------------------------
DROP TABLE IF EXISTS `TB_MEMBERCARD`;
CREATE TABLE `TB_MEMBERCARD` (
  `MEMBERCARD_ID` varchar(100) NOT NULL,
  `CARDNUMBER` int(11) NOT NULL COMMENT '??',
  `OPTIONTYPE` varchar(64) DEFAULT NULL COMMENT '????',
  `PAYMENTTYPE` varchar(64) DEFAULT NULL COMMENT '????',
  `AMOUNTBEFORE` double(11,2) DEFAULT NULL COMMENT '?????',
  `RECHARGEAMOUNT` double(11,2) DEFAULT NULL COMMENT '????',
  `DONATIONAMOUNT` double(11,2) DEFAULT NULL COMMENT '????',
  `VARIABLEAMOUNT` double(11,2) DEFAULT NULL COMMENT '?????',
  `RECHARGETIME` varchar(32) DEFAULT NULL COMMENT '????',
  `REMARKS` varchar(255) DEFAULT NULL COMMENT '??',
  PRIMARY KEY (`MEMBERCARD_ID`)
) ENGINE=InnoDB DEFAULT CHARSET=utf8;

-- ----------------------------
--  Records of `TB_MEMBERCARD`
-- ----------------------------
BEGIN;
INSERT INTO `TB_MEMBERCARD` VALUES ('87e47394a18f4168ae7d8c77a275d255', '100022', '', '', '1000.00', '1000.00', '50.00', '2050.00', '2017-04-29', ''), ('cf3105e440d94e8181b5caf5b05d82c4', '100021', '', '', '0.00', '1000.00', '0.00', '0.00', '2017-04-29', '');
COMMIT;

-- ----------------------------
--  Table structure for `TR_TRANSACTION`
-- ----------------------------
DROP TABLE IF EXISTS `TR_TRANSACTION`;
CREATE TABLE `TR_TRANSACTION` (
  `TRANSACTION_ID` varchar(100) NOT NULL,
  `ID` int(18) NOT NULL COMMENT 'ID',
  `ITEMNAME` varchar(255) DEFAULT NULL COMMENT '????',
  `SALESVOLUMES` int(11) NOT NULL COMMENT '????',
  `TIME` varchar(32) DEFAULT NULL COMMENT '????',
  `PAYMENTSTATUS` varchar(16) DEFAULT NULL COMMENT '????',
  `SHIPSTATUS` varchar(16) DEFAULT NULL COMMENT '????',
  PRIMARY KEY (`TRANSACTION_ID`)
) ENGINE=InnoDB DEFAULT CHARSET=utf8;

-- ----------------------------
--  Table structure for `db_fhdb`
-- ----------------------------
DROP TABLE IF EXISTS `db_fhdb`;
CREATE TABLE `db_fhdb` (
  `FHDB_ID` varchar(100) NOT NULL,
  `USERNAME` varchar(50) DEFAULT NULL COMMENT '????',
  `BACKUP_TIME` varchar(32) DEFAULT NULL COMMENT '????',
  `TABLENAME` varchar(50) DEFAULT NULL COMMENT '??',
  `SQLPATH` varchar(300) DEFAULT NULL COMMENT '????',
  `TYPE` int(1) NOT NULL COMMENT '??',
  `DBSIZE` varchar(10) DEFAULT NULL COMMENT '????',
  `BZ` varchar(255) DEFAULT NULL COMMENT '??',
  PRIMARY KEY (`FHDB_ID`)
) ENGINE=InnoDB DEFAULT CHARSET=utf8;

-- ----------------------------
--  Table structure for `db_timingbackup`
-- ----------------------------
DROP TABLE IF EXISTS `db_timingbackup`;
CREATE TABLE `db_timingbackup` (
  `TIMINGBACKUP_ID` varchar(100) NOT NULL,
  `JOBNAME` varchar(50) DEFAULT NULL COMMENT '????',
  `CREATE_TIME` varchar(32) DEFAULT NULL COMMENT '????',
  `TABLENAME` varchar(50) DEFAULT NULL COMMENT '??',
  `STATUS` int(1) NOT NULL COMMENT '??',
  `FHTIME` varchar(30) DEFAULT NULL COMMENT '????',
  `TIMEEXPLAIN` varchar(100) DEFAULT NULL COMMENT '????',
  `BZ` varchar(255) DEFAULT NULL COMMENT '??',
  PRIMARY KEY (`TIMINGBACKUP_ID`)
) ENGINE=InnoDB DEFAULT CHARSET=utf8;

-- ----------------------------
--  Records of `db_timingbackup`
-- ----------------------------
BEGIN;
INSERT INTO `db_timingbackup` VALUES ('311e06c34a5e4518a86d5d30799f9b55', 'sys_app_user_515762', '2016-04-11 17:04:55', 'sys_app_user', '2', '1/2 * * ? * *', '   ', ''), ('bc4a788bc2ec40bdb1b7730131c26d42', 'sys_app_user_359515', '2016-04-12 17:24:05', 'sys_app_user', '2', '1/3 * * ? * *', '   ', 'ssss');
COMMIT;

-- ----------------------------
--  Table structure for `oa_datajur`
-- ----------------------------
DROP TABLE IF EXISTS `oa_datajur`;
CREATE TABLE `oa_datajur` (
  `DATAJUR_ID` varchar(100) NOT NULL,
  `DEPARTMENT_IDS` varchar(5000) DEFAULT NULL COMMENT '??ID??',
  `STAFF_ID` varchar(100) DEFAULT NULL COMMENT '??ID',
  `DEPARTMENT_ID` varchar(100) DEFAULT NULL,
  PRIMARY KEY (`DATAJUR_ID`),
  KEY `FSTAFF` (`STAFF_ID`),
  CONSTRAINT `oa_datajur_ibfk_1` FOREIGN KEY (`STAFF_ID`) REFERENCES `oa_staff` (`STAFF_ID`) ON DELETE CASCADE ON UPDATE CASCADE
) ENGINE=InnoDB DEFAULT CHARSET=utf8;

-- ----------------------------
--  Records of `oa_datajur`
-- ----------------------------
BEGIN;
INSERT INTO `oa_datajur` VALUES ('9fd17463ffd7487ab90e683c76026655', '(\'cbbc84eddde947ba8af7d509e430eb70\',\'8f8b045470f342fdbc4c312ab881d62b\',\'83a25761c618457cae2fa1211bd8696d\',\'a0982dea52554225ab682cd4b421de47\',\'fh\')', '9fd17463ffd7487ab90e683c76026655', '5cccdb7c432449d8b853c52880058140'), ('c9f05f925dfc485b9e352916612ab669', '(\'a0982dea52554225ab682cd4b421de47\',\'fh\')', 'c9f05f925dfc485b9e352916612ab669', '8f8b045470f342fdbc4c312ab881d62b');
COMMIT;

-- ----------------------------
--  Table structure for `oa_department`
-- ----------------------------
DROP TABLE IF EXISTS `oa_department`;
CREATE TABLE `oa_department` (
  `DEPARTMENT_ID` varchar(100) NOT NULL,
  `NAME` varchar(30) DEFAULT NULL COMMENT '??',
  `NAME_EN` varchar(50) DEFAULT NULL COMMENT '??',
  `BIANMA` varchar(50) DEFAULT NULL COMMENT '??',
  `PARENT_ID` varchar(100) DEFAULT NULL COMMENT '??ID',
  `BZ` varchar(255) DEFAULT NULL COMMENT '??',
  `HEADMAN` varchar(30) DEFAULT NULL COMMENT '???',
  `TEL` varchar(50) DEFAULT NULL COMMENT '??',
  `FUNCTIONS` varchar(255) DEFAULT NULL COMMENT '????',
  `ADDRESS` varchar(255) DEFAULT NULL COMMENT '??',
  PRIMARY KEY (`DEPARTMENT_ID`)
) ENGINE=InnoDB DEFAULT CHARSET=utf8;

-- ----------------------------
--  Records of `oa_department`
-- ----------------------------
BEGIN;
INSERT INTO `oa_department` VALUES ('0956d8c279274fca92f4091f2a69a9ad', '', 'xiaokuai', '05896', 'd41af567914a409893d011aa53eda797', '', '', '', '', ''), ('3e7227e11dc14b4d9e863dd1a1fcedf6', '', 'chengb', '03656', 'd41af567914a409893d011aa53eda797', '', '', '', '', ''), ('5cccdb7c432449d8b853c52880058140', 'B', 'b', '002', '0', '', '', '112', '', ''), ('83a25761c618457cae2fa1211bd8696d', 'B', 'xiaob', '002365', 'cbbc84eddde947ba8af7d509e430eb70', '', '', '', '', ''), ('8f8b045470f342fdbc4c312ab881d62b', 'A', 'xiaoA', '0326', 'cbbc84eddde947ba8af7d509e430eb70', '', '', '0201212', '', ''), ('a0982dea52554225ab682cd4b421de47', '1', 'yidui', '02563', '8f8b045470f342fdbc4c312ab881d62b', '', '', '12356989', '', ''), ('a6c6695217ba4a4dbfe9f7e9d2c06730', 'A', 'a', '001', '0', '', '', '110', '', ''), ('cbbc84eddde947ba8af7d509e430eb70', '', 'xiaoshoubu', '00201', '5cccdb7c432449d8b853c52880058140', '', '', '11236', '', '909'), ('d41af567914a409893d011aa53eda797', '', 'caiwubu', '00101', 'a6c6695217ba4a4dbfe9f7e9d2c06730', '', '', '11236', '', '308');
COMMIT;

-- ----------------------------
--  Table structure for `oa_fhfile`
-- ----------------------------
DROP TABLE IF EXISTS `oa_fhfile`;
CREATE TABLE `oa_fhfile` (
  `FHFILE_ID` varchar(100) NOT NULL,
  `NAME` varchar(30) DEFAULT NULL COMMENT '???',
  `FILEPATH` varchar(100) DEFAULT NULL COMMENT '??',
  `CTIME` varchar(32) DEFAULT NULL COMMENT '????',
  `BZ` varchar(100) DEFAULT NULL COMMENT '??',
  `USERNAME` varchar(50) DEFAULT NULL COMMENT '???',
  `DEPARTMENT_ID` varchar(100) DEFAULT NULL COMMENT '??ID',
  `FILESIZE` varchar(10) DEFAULT NULL COMMENT '????',
  PRIMARY KEY (`FHFILE_ID`)
) ENGINE=InnoDB DEFAULT CHARSET=utf8;

-- ----------------------------
--  Records of `oa_fhfile`
-- ----------------------------
BEGIN;
INSERT INTO `oa_fhfile` VALUES ('00a3a22cde5a4a87b935f69a07a095cd', 'ssdf', '2016060308062777776.txt', '2016-06-03 20:06:27', 's', 'admin', '0', '0.643'), ('10d0d0a30c5a4d1798f6abbb6a4eafb8', 'f1', '2016060211505730809.png', '2016-06-02 23:50:57', '21', 'lisi', '8f8b045470f342fdbc4c312ab881d62b', '522.43'), ('1d12e3f914cf493c9bde0cff3584cefb', 'w1', '2016060211500388907.png', '2016-06-02 23:50:03', 'w1', 'san', '5cccdb7c432449d8b853c52880058140', '6.389');
COMMIT;

-- ----------------------------
--  Table structure for `oa_staff`
-- ----------------------------
DROP TABLE IF EXISTS `oa_staff`;
CREATE TABLE `oa_staff` (
  `STAFF_ID` varchar(100) NOT NULL,
  `NAME` varchar(50) DEFAULT NULL COMMENT '??',
  `NAME_EN` varchar(50) DEFAULT NULL COMMENT '??',
  `BIANMA` varchar(100) DEFAULT NULL COMMENT '??',
  `DEPARTMENT_ID` varchar(100) DEFAULT NULL COMMENT '??',
  `FUNCTIONS` varchar(255) DEFAULT NULL COMMENT '??',
  `TEL` varchar(20) DEFAULT NULL COMMENT '??',
  `EMAIL` varchar(50) DEFAULT NULL COMMENT '??',
  `SEX` varchar(10) DEFAULT NULL COMMENT '??',
  `BIRTHDAY` varchar(32) DEFAULT NULL COMMENT '????',
  `NATION` varchar(10) DEFAULT NULL COMMENT '??',
  `JOBTYPE` varchar(30) DEFAULT NULL COMMENT '????',
  `JOBJOINTIME` varchar(32) DEFAULT NULL COMMENT '??????',
  `FADDRESS` varchar(100) DEFAULT NULL COMMENT '??',
  `POLITICAL` varchar(30) DEFAULT NULL COMMENT '????',
  `PJOINTIME` varchar(32) DEFAULT NULL COMMENT '????',
  `SFID` varchar(20) DEFAULT NULL COMMENT '????',
  `MARITAL` varchar(10) DEFAULT NULL COMMENT '????',
  `DJOINTIME` varchar(32) DEFAULT NULL COMMENT '??????',
  `POST` varchar(30) DEFAULT NULL COMMENT '???',
  `POJOINTIME` varchar(32) DEFAULT NULL COMMENT '????',
  `EDUCATION` varchar(10) DEFAULT NULL COMMENT '??',
  `SCHOOL` varchar(30) DEFAULT NULL COMMENT '????',
  `MAJOR` varchar(30) DEFAULT NULL COMMENT '??',
  `FTITLE` varchar(30) DEFAULT NULL COMMENT '??',
  `CERTIFICATE` varchar(30) DEFAULT NULL COMMENT '?????',
  `CONTRACTLENGTH` int(2) NOT NULL COMMENT '??????',
  `CSTARTTIME` varchar(32) DEFAULT NULL COMMENT '????',
  `CENDTIME` varchar(32) DEFAULT NULL COMMENT '????',
  `ADDRESS` varchar(100) DEFAULT NULL COMMENT '???',
  `USER_ID` varchar(100) DEFAULT NULL COMMENT '????ID',
  `BZ` varchar(255) DEFAULT NULL COMMENT '??',
  PRIMARY KEY (`STAFF_ID`)
) ENGINE=InnoDB DEFAULT CHARSET=utf8;

-- ----------------------------
--  Records of `oa_staff`
-- ----------------------------
BEGIN;
INSERT INTO `oa_staff` VALUES ('9fd17463ffd7487ab90e683c76026655', 'www', 'www', 'ww', '5cccdb7c432449d8b853c52880058140', 'ww', 'ww', 'www', '', '2016-04-27', 'ww', 'ww', '2016-05-03', 'ww', 'ww', '2016-04-25', 'ww', '', '2016-05-09', 'ww', '2016-05-17', 'w', 'w', 'w', 'w', 'www', '2', '2016-05-23', '2016-05-16', 'w', 'san', 'www'), ('c9f05f925dfc485b9e352916612ab669', 'fw', 'y', 'y', '8f8b045470f342fdbc4c312ab881d62b', 'y', 'y', 'y', '', '2016-06-08', 'y', 'y', '2016-06-03', 'y', 'y', '2016-05-31', 'y', '', '2016-06-07', 'y', '2016-06-08', 'y', 'y', 'y', 'y', 'y', '4', '2016-06-21', '2016-06-21', 'y', 'lisi', 'y');
COMMIT;

-- ----------------------------
--  Table structure for `sys_app_user`
-- ----------------------------
DROP TABLE IF EXISTS `sys_app_user`;
CREATE TABLE `sys_app_user` (
  `USER_ID` varchar(100) NOT NULL,
  `USERNAME` varchar(255) DEFAULT NULL,
  `PASSWORD` varchar(255) DEFAULT NULL,
  `NAME` varchar(255) DEFAULT NULL,
  `RIGHTS` varchar(255) DEFAULT NULL,
  `ROLE_ID` varchar(100) DEFAULT NULL,
  `LAST_LOGIN` varchar(255) DEFAULT NULL,
  `IP` varchar(100) DEFAULT NULL,
  `STATUS` varchar(32) DEFAULT NULL,
  `BZ` varchar(255) DEFAULT NULL,
  `PHONE` varchar(100) DEFAULT NULL COMMENT '???',
  `SFID` varchar(100) DEFAULT NULL,
  `START_TIME` varchar(100) DEFAULT NULL,
  `END_TIME` varchar(100) DEFAULT NULL,
  `YEARS` int(10) DEFAULT NULL,
  `NUMBER` varchar(100) DEFAULT NULL,
  `EMAIL` varchar(32) DEFAULT NULL,
  `CTRL_PERSON` varchar(50) DEFAULT NULL COMMENT '????',
  `ENTER_TEL` varchar(50) DEFAULT NULL COMMENT '????',
  `IDCARD_CODE` varchar(50) DEFAULT NULL COMMENT '????',
  `IDCARD_FACE` text,
  `IDCARD_BACK` text,
  `IDCARD_FACE2` text,
  `CITY` varchar(50) DEFAULT NULL COMMENT '?????',
  `ADDRESS` varchar(200) DEFAULT NULL COMMENT '??????',
  `SERVER_STARS` tinyint(50) unsigned zerofill DEFAULT NULL COMMENT '???? :????  0:???? 1??????',
  `SERVER_DATA` tinyint(255) unsigned zerofill DEFAULT NULL COMMENT '???? :???? 0:???? 1??????',
  `SERVER_API` tinyint(255) unsigned zerofill DEFAULT NULL COMMENT '???? :??API 0:???? 1??????',
  `APPKEY` varchar(200) DEFAULT NULL,
  `APPSECRET` varchar(200) DEFAULT NULL,
  PRIMARY KEY (`USER_ID`)
) ENGINE=InnoDB DEFAULT CHARSET=utf8;

-- ----------------------------
--  Records of `sys_app_user`
-- ----------------------------
BEGIN;
INSERT INTO `sys_app_user` VALUES ('0e146a12-ff1c-490c-be00-efbf5024ac68', 'admin', '1', null, null, null, null, null, null, null, '6516948998', null, null, null, null, null, 'ASFDAF', 'ASDFA', '616561651', '64816941', null, null, null, 'beijing', 'ADSF', '1', '1', null, null, null), ('1e89e6504be349a68c025976b3ecc1d1', 'a1', '698d51a19d8a121ce581499d7b701668', '', '', '115b386ff04f4352b060dffcd2b5d1da', '', '', '1', '121', '1212', '1212', '2015-12-02', '2015-12-25', '2', '111', '313596790@qq.com', null, null, null, null, null, null, null, null, null, null, null, null, null), ('3e024bee-deaf-4fc6-98e2-7ee8b46a817e', 'admin', '1', null, null, null, null, null, null, null, '6516948998', null, null, null, null, null, 'ASFDAF', 'ASDFA', '616561651', '64816941', null, null, null, 'beijing', 'ADSF', '1', '1', null, null, null), ('c2850193-6b35-4b4d-9625-215e1a36b91a', '3333', '333', '3333', null, null, null, null, null, null, '123456789', null, null, null, null, null, '3333', '3333', '333', '33333', null, null, null, 'beijing', '33333', '1', '1', '1', null, null);
COMMIT;

-- ----------------------------
--  Table structure for `sys_createcode`
-- ----------------------------
DROP TABLE IF EXISTS `sys_createcode`;
CREATE TABLE `sys_createcode` (
  `CREATECODE_ID` varchar(100) NOT NULL,
  `PACKAGENAME` varchar(50) DEFAULT NULL COMMENT '??',
  `OBJECTNAME` varchar(50) DEFAULT NULL COMMENT '??',
  `TABLENAME` varchar(50) DEFAULT NULL COMMENT '??',
  `FIELDLIST` varchar(5000) DEFAULT NULL COMMENT '???',
  `CREATETIME` varchar(100) DEFAULT NULL COMMENT '????',
  `TITLE` varchar(255) DEFAULT NULL COMMENT '??',
  `FHTYPE` varchar(32) DEFAULT NULL,
  PRIMARY KEY (`CREATECODE_ID`)
) ENGINE=InnoDB DEFAULT CHARSET=utf8;

-- ----------------------------
--  Records of `sys_createcode`
-- ----------------------------
BEGIN;
INSERT INTO `sys_createcode` VALUES ('002ea762e3e242a7a10ea5ca633701d8', 'system', 'Buttonrights', 'sys_,fh,BUTTONRIGHTS', 'NAME,fh,String,fh,,fh,,fh,,fh,255Q313596790', '2016-01-16 23:20:36', '', 'single'), ('043843a286f84549ad3fa71aac827f6f', 'system', 'FHlog', 'SYS_,fh,FHLOG', 'USERNAME,fh,String,fh,,fh,,fh,,fh,100,fh,0Q313596790CZTIME,fh,Date,fh,,fh,,fh,,fh,32,fh,0Q313596790CONTENT,fh,String,fh,,fh,,fh,,fh,255,fh,0Q313596790', '2016-05-10 21:10:16', '', 'single'), ('0ee023606efb45b9a3baaa072e502161', 'information', 'FtestMx', 'FH_,fh,FTESTMX', 'TITLE,fh,String,fh,,fh,,fh,,fh,255,fh,0Q313596790CHANGDU,fh,Integer,fh,,fh,,fh,,fh,11,fh,0Q313596790', '2016-04-21 01:52:11', '()', 'sontable'), ('1be959583e82473b82f6e62087bd0d38', 'information', 'Attached', 'TB_,fh,ATTACHED', 'NAME,fh,String,fh,NAME,fh,,fh,,fh,255,fh,0Q313596790FDESCRIBE,fh,String,fh,FDESCRIBE,fh,,fh,,fh,255,fh,0Q313596790PRICE,fh,Double,fh,PRICE,fh,,fh,,fh,11,fh,2Q313596790CTIME,fh,Date,fh,CTIME,fh,,fh,,fh,32,fh,0Q313596790', '2016-04-21 17:07:59', '', 'fathertable'), ('2d32d4d0cf084609a2176bc063733f49', 'member', 'MemberCard', 'TB_,fh,MEMBERCARD', 'CARDNUMBER,fh,Integer,fh,,fh,,fh,,fh,11,fh,0Q313596790OPTIONTYPE,fh,String,fh,,fh,,fh,,fh,64,fh,0Q313596790PAYMENTTYPE,fh,String,fh,,fh,,fh,,fh,64,fh,0Q313596790AMOUNTBEFORE,fh,Double,fh,,fh,,fh,,fh,11,fh,2Q313596790RECHARGEAMOUNT,fh,Double,fh,,fh,,fh,,fh,11,fh,2Q313596790DONATIONAMOUNT,fh,Double,fh,,fh,,fh,,fh,11,fh,2Q313596790VARIABLEAMOUNT,fh,Double,fh,,fh,,fh,,fh,11,fh,2Q313596790RECHARGETIME,fh,Date,fh,,fh,,fh,,fh,32,fh,0Q313596790REMARKS,fh,String,fh,,fh,,fh,,fh,255,fh,0Q313596790', '2017-04-29 14:49:01', '', 'single'), ('348da444f59f446082ea3ff11c8db979', 'testmycode', 'Testmycode', 'TEST_,fh,TESTMYCODE', 'ID,fh,Integer,fh,ID,fh,,fh,,fh,11,fh,0Q313596790NAME,fh,String,fh,NAME,fh,,fh,,fh,255,fh,0Q313596790', '2017-05-31 20:47:12', 'TestMyCode', 'single'), ('3da8e8bd757c44148d89931a54d29c88', 'system', 'UserPhoto', 'SYS_,fh,USERPHOTO', 'USERNAME,fh,String,fh,,fh,,fh,,fh,30,fh,0Q313596790PHOTO0,fh,String,fh,,fh,,fh,,fh,100,fh,0Q313596790PHOTO1,fh,String,fh,1,fh,,fh,,fh,100,fh,0Q313596790PHOTO2,fh,String,fh,2,fh,,fh,,fh,100,fh,0Q313596790PHOTO3,fh,String,fh,3,fh,,fh,,fh,100,fh,0Q313596790', '2016-06-05 17:54:25', '', 'single'), ('3e9b395c427f46ec80ec4a3f181150d7', 'newt', 'CornManager', 'TB_,fh,CORNMANAGER', 'NUMBER,fh,Integer,fh,,fh,,fh,,fh,11,fh,0Q313596790CORNICE,fh,String,fh,,fh,,fh,,fh,255,fh,0Q313596790CORNPAY,fh,Double,fh,,fh,,fh,,fh,11,fh,2Q313596790', '2017-04-29 00:55:13', '', 'single'), ('4173a8c56a504dd6b6213d2b9cd3e91b', 'information', 'AttachedMx', 'TB_,fh,ATTACHEDMX', 'NAME,fh,String,fh,NAME,fh,,fh,,fh,255,fh,0Q313596790TITLE,fh,String,fh,TITLE,fh,,fh,,fh,255,fh,0Q313596790CTIME,fh,Date,fh,CTIME,fh,,fh,,fh,32,fh,0Q313596790PRICE,fh,Double,fh,PRICE,fh,,fh,,fh,11,fh,2Q313596790', '2016-04-21 17:09:40', '()', 'sontable'), ('41e07fb03763434daef41cd99d0406c3', 'system', 'LogInImg', 'SYS_,fh,LOGINIMG', 'NAME,fh,String,fh,,fh,,fh,,fh,30,fh,0Q313596790FILEPATH,fh,String,fh,,fh,,fh,,fh,100,fh,0Q313596790TYPE,fh,Integer,fh,,fh,,fh,,fh,2,fh,0Q313596790FORDER,fh,Integer,fh,,fh,,fh,,fh,3,fh,0Q313596790', '2016-06-03 17:53:22', '', 'single'), ('42c2583327c842f3855bc68f96665fe0', 'account', 'PaymentType', 'AC_,fh,PAYMENTTYPE', 'PAYMENT,fh,Integer,fh,ID,fh,,fh,,fh,11,fh,0Q313596790PAYMENTNAME,fh,String,fh,,fh,,fh,,fh,255,fh,0Q313596790TRANSACTIONTYPE,fh,String,fh,,fh,,fh,,fh,64,fh,0Q313596790COUNTRY,fh,String,fh,,fh,,fh,,fh,255,fh,0Q313596790STARTTIME,fh,Date,fh,,fh,,fh,,fh,32,fh,0Q313596790ENDTIME,fh,Date,fh,,fh,,fh,,fh,32,fh,0Q313596790STATE,fh,String,fh,,fh,,fh,,fh,16,fh,0Q313596790INTRODUCE,fh,String,fh,,fh,,fh,,fh,2000,fh,0Q313596790', '2017-05-20 11:55:20', '', 'single'), ('498daed3315d4fbca1d1d8dbb5e02eaa', 'codetemplate', 'CodeTemplate', 'CD_,fh,CODETEMPLATE', 'TEMPLATE_ID,fh,Integer,fh,ID,fh,,fh,,fh,11,fh,0Q313596790TEMPLATE_NAME,fh,String,fh,,fh,,fh,,fh,255,fh,0Q313596790TEMPLATE_TYPE,fh,String,fh,,fh,,fh,,fh,255,fh,0Q313596790TEMPLATE_LANGUAGE,fh,String,fh,,fh,,fh,,fh,255,fh,0Q313596790TEMPLATE_CODE,fh,String,fh,,fh,,fh,,fh,4000,fh,0Q313596790', '2017-05-31 17:57:44', '', 'single'), ('49d985e081ed44e6b34ba1b8c5466e39', 'fhdb', 'TimingBackUp', 'DB_,fh,TIMINGBACKUP', 'JOBNAME,fh,String,fh,,fh,,fh,,fh,50Q313596790CREATE_TIME,fh,Date,fh,,fh,,fh,,fh,32Q313596790TABLENAME,fh,String,fh,,fh,,fh,,fh,50Q313596790TYPE,fh,Integer,fh,,fh,,fh,,fh,1Q313596790FHTIME,fh,String,fh,,fh,,fh,,fh,30Q313596790TIMEEXPLAIN,fh,String,fh,,fh,,fh,,fh,100Q313596790BZ,fh,String,fh,,fh,,fh,,fh,255Q313596790', '2016-04-09 11:53:38', '', 'single'), ('4def60c58aa148b7998270978660ef30', 'fhoa', 'Fhfile', 'OA_,fh,FHFILE', 'NAME,fh,String,fh,,fh,,fh,,fh,30,fh,0Q313596790FILEPATH,fh,String,fh,,fh,,fh,,fh,100,fh,0Q313596790CTIME,fh,Date,fh,,fh,,fh,,fh,32,fh,0Q313596790BZ,fh,String,fh,,fh,,fh,,fh,100,fh,0Q313596790USERNAME,fh,String,fh,,fh,,fh,,fh,50,fh,0Q313596790DEPARTMENT_ID,fh,String,fh,ID,fh,,fh,,fh,100,fh,0Q313596790FILESIZE,fh,String,fh,,fh,,fh,,fh,10,fh,0Q313596790', '2016-05-27 20:52:01', '', 'single'), ('661dcb43b751476f935eda68b02d6b67', 'member', 'Integral', 'TB_,fh,INTEGRAL', 'CARDNUMBER,fh,Integer,fh,,fh,,fh,,fh,11,fh,0Q313596790CHANGETYPE,fh,String,fh,,fh,,fh,,fh,32,fh,0Q313596790VARIABLEAMOUNT,fh,Integer,fh,,fh,,fh,,fh,11,fh,0Q313596790CONSUMERSHOP,fh,String,fh,,fh,,fh,,fh,255,fh,0Q313596790ORIGINALSHOP,fh,String,fh,,fh,,fh,,fh,255,fh,0Q313596790OPERATOR,fh,String,fh,,fh,,fh,,fh,255,fh,0Q313596790CHANGETIME,fh,Date,fh,,fh,,fh,,fh,32,fh,0Q313596790REMARKS,fh,String,fh,,fh,,fh,,fh,255,fh,0Q313596790', '2017-04-29 15:06:08', '', 'single'), ('6a3e0adcdaff4601a2447191a7354a37', 'report', 'Manager', 'RP_,fh,MANAGER', 'ID,fh,Integer,fh,ID,fh,,fh,,fh,11,fh,0Q313596790MODELNAME,fh,String,fh,,fh,,fh,,fh,255,fh,0Q313596790STATE,fh,String,fh,,fh,,fh,,fh,16,fh,0Q313596790CREATETIME,fh,Date,fh,,fh,,fh,,fh,32,fh,0Q313596790CREATOR,fh,String,fh,,fh,,fh,,fh,255,fh,0Q313596790MODEL,fh,String,fh,,fh,,fh,,fh,4000,fh,0Q313596790VERSION,fh,String,fh,,fh,,fh,,fh,16,fh,0Q313596790REMARKS,fh,String,fh,,fh,,fh,,fh,600,fh,0Q313596790', '2017-05-20 22:36:24', '', 'single'), ('89b68ec80dac4e0280c9e03c51a21ab4', 'fei', 'CornFei', 'TB_,fh,CORNFEI', 'NAME,fh,String,fh,name,fh,,fh,,fh,255,fh,0Q313596790NAME2,fh,String,fh,name2,fh,,fh,,fh,255,fh,0Q313596790', '2017-04-29 01:03:24', '', 'single'), ('8ca60ec2020d403a9f44a597f9f6415f', 'storemanager', 'StoreManager', 'STOREMANAGER,fh,STOREMANAGER', 'STORENUMBER,fh,String,fh,,fh,,fh,,fh,255,fh,0Q313596790STORENAME,fh,String,fh,,fh,,fh,,fh,255,fh,0Q313596790STORETYPE,fh,String,fh,,fh,,fh,,fh,255,fh,0Q313596790STOREADDER,fh,String,fh,,fh,,fh,,fh,255,fh,0Q313596790STOREPAY,fh,Double,fh,,fh,,fh,,fh,11,fh,2Q313596790STORECOUNT,fh,Integer,fh,,fh,,fh,,fh,11,fh,0Q313596790', '2017-04-28 21:18:50', '', 'single'), ('91af9fe509704fa68f6bca121359e3ec', 'fhoa', 'Staff', 'OA_,fh,STAFF', 'NAME,fh,String,fh,,fh,,fh,,fh,50,fh,0Q313596790NAME_EN,fh,String,fh,,fh,,fh,,fh,50,fh,0Q313596790BIANMA,fh,String,fh,,fh,,fh,,fh,100,fh,0Q313596790DEPARTMENT_ID,fh,String,fh,,fh,,fh,,fh,100,fh,0Q313596790FUNCTIONS,fh,String,fh,,fh,,fh,,fh,255,fh,0Q313596790TEL,fh,String,fh,,fh,,fh,,fh,20,fh,0Q313596790EMAIL,fh,String,fh,,fh,,fh,,fh,50,fh,0Q313596790SEX,fh,String,fh,,fh,,fh,,fh,10,fh,0Q313596790BIRTHDAY,fh,Date,fh,,fh,,fh,,fh,32,fh,0Q313596790NATION,fh,String,fh,,fh,,fh,,fh,10,fh,0Q313596790JOBTYPE,fh,String,fh,,fh,,fh,,fh,30,fh,0Q313596790JOBJOINTIME,fh,Date,fh,,fh,,fh,,fh,32,fh,0Q313596790FADDRESS,fh,String,fh,,fh,,fh,,fh,100,fh,0Q313596790POLITICAL,fh,String,fh,,fh,,fh,,fh,30,fh,0Q313596790PJOINTIME,fh,Date,fh,,fh,,fh,,fh,32,fh,0Q313596790SFID,fh,String,fh,,fh,,fh,,fh,20,fh,0Q313596790MARITAL,fh,String,fh,,fh,,fh,,fh,10,fh,0Q313596790DJOINTIME,fh,Date,fh,,fh,,fh,,fh,32,fh,0Q313596790POST,fh,String,fh,,fh,,fh,,fh,30,fh,0Q313596790POJOINTIME,fh,Date,fh,,fh,,fh,,fh,32,fh,0Q313596790EDUCATION,fh,String,fh,,fh,,fh,,fh,10,fh,0Q313596790SCHOOL,fh,String,fh,,fh,,fh,,fh,30,fh,0Q313596790MAJOR,fh,String,fh,,fh,,fh,,fh,30,fh,0Q313596790FTITLE,fh,String,fh,,fh,,fh,,fh,30,fh,0Q313596790CERTIFICATE,fh,String,fh,,fh,,fh,,fh,30,fh,0Q313596790CONTRACTLENGTH,fh,Integer,fh,,fh,,fh,,fh,2,fh,0Q313596790CSTARTTIME,fh,Date,fh,,fh,,fh,,fh,32,fh,0Q313596790CENDTIME,fh,Date,fh,,fh,,fh,,fh,32,fh,0Q313596790ADDRESS,fh,String,fh,,fh,,fh,,fh,100,fh,0Q313596790USER_ID,fh,String,fh,ID,fh,,fh,,fh,100,fh,0Q313596790BZ,fh,String,fh,,fh,,fh,,fh,255,fh,0Q313596790', '2016-04-23 20:44:31', '', 'single'), ('92301bc4db3e45aaa02963b2181c6f4e', 'analysis', 'Transaction', 'TR_,fh,TRANSACTION', 'ID,fh,Integer,fh,ID,fh,,fh,,fh,18,fh,0Q313596790ITEMNAME,fh,String,fh,,fh,,fh,,fh,255,fh,0Q313596790SALESVOLUMES,fh,Integer,fh,,fh,,fh,,fh,11,fh,0Q313596790TIME,fh,Date,fh,,fh,,fh,,fh,32,fh,0Q313596790PAYMENTSTATUS,fh,String,fh,,fh,,fh,,fh,16,fh,0Q313596790SHIPSTATUS,fh,String,fh,,fh,,fh,,fh,16,fh,0Q313596790', '2017-05-20 15:39:03', '', 'single'), ('ae92803163ff44539e91711cfbe35411', 'fhoa', 'Datajur', 'OA_,fh,DATAJUR', 'DEPARTMENT_IDS,fh,String,fh,ID,fh,,fh,,fh,5000,fh,0Q313596790STAFF_ID,fh,String,fh,ID,fh,,fh,,fh,100,fh,0Q313596790DEPARTMENT_ID,fh,String,fh,ID,fh,,fh,,fh,100,fh,0Q313596790', '2016-04-27 03:49:39', '', 'single'), ('bf35ab8b2d064bf7928a04bba5e5a6dd', 'system', 'Fhsms', 'SYS_,fh,FHSMS', 'CONTENT,fh,String,fh,,fh,,fh,,fh,1000Q313596790TYPE,fh,String,fh,,fh,,fh,,fh,5Q313596790TO_USERNAME,fh,String,fh,,fh,,fh,,fh,255Q313596790FROM_USERNAME,fh,String,fh,,fh,,fh,,fh,255Q313596790SEND_TIME,fh,String,fh,,fh,,fh,,fh,100Q313596790STATUS,fh,String,fh,,fh,,fh,,fh,5Q313596790SANME_ID,fh,String,fh,ID,fh,,fh,,fh,100Q313596790', '2016-03-27 21:39:45', '', 'single'), ('c7586f931fd44c61beccd3248774c68c', 'system', 'Department', 'SYS_,fh,DEPARTMENT', 'NAME,fh,String,fh,,fh,,fh,,fh,30Q313596790NAME_EN,fh,String,fh,,fh,,fh,,fh,50Q313596790BIANMA,fh,String,fh,,fh,,fh,,fh,50Q313596790PARENT_ID,fh,String,fh,ID,fh,,fh,,fh,100Q313596790BZ,fh,String,fh,,fh,,fh,,fh,255Q313596790HEADMAN,fh,String,fh,,fh,,fh,,fh,30Q313596790TEL,fh,String,fh,,fh,,fh,,fh,50Q313596790FUNCTIONS,fh,String,fh,,fh,,fh,,fh,255Q313596790ADDRESS,fh,String,fh,,fh,,fh,,fh,255Q313596790', '2015-12-20 01:49:25', '', 'tree'), ('c937e21208914e5b8fb1202c685bbf2f', 'fhdb', 'Fhdb', 'DB_,fh,FHDB', 'USERNAME,fh,String,fh,,fh,,fh,,fh,50Q313596790BACKUP_TIME,fh,Date,fh,,fh,,fh,,fh,32Q313596790TABLENAME,fh,String,fh,,fh,,fh,,fh,50Q313596790SQLPATH,fh,String,fh,,fh,,fh,,fh,300Q313596790TYPE,fh,Integer,fh,,fh,,fh,,fh,1Q313596790DBSIZE,fh,String,fh,,fh,,fh,,fh,10Q313596790BZ,fh,String,fh,,fh,,fh,,fh,255Q313596790', '2016-03-30 13:46:54', '', 'single'), ('ee771db19cfc4eaf86cb21fb06d23ef9', 'account', 'Management', 'AC_,fh,MANAGEMENT', 'ID,fh,Integer,fh,ID,fh,,fh,,fh,11,fh,0Q313596790ACCOUNTUSER,fh,String,fh,,fh,,fh,,fh,255,fh,0Q313596790BALANCE,fh,Double,fh,,fh,,fh,,fh,11,fh,2Q313596790STATE,fh,String,fh,,fh,,fh,,fh,32,fh,0Q313596790', '2017-05-20 11:39:07', '', 'single'), ('fe239f8742194481a5b56f90cad71520', 'system', 'Fhbutton', 'SYS_,fh,FHBUTTON', 'NAME,fh,String,fh,,fh,,fh,,fh,30Q313596790QX_NAME,fh,String,fh,,fh,,fh,,fh,50Q313596790BZ,fh,String,fh,,fh,,fh,,fh,255Q313596790', '2016-01-15 18:38:40', '', 'single'), ('ff6e6cdc87ba42579b033cf4925d4d70', 'dst', 'DataSource2', 'DS_,fh,DATASOURCE2', 'TITLE,fh,String,fh,,fh,,fh,,fh,100,fh,0Q313596790CONTENT,fh,String,fh,,fh,,fh,,fh,255,fh,0Q313596790', '2016-05-23 15:51:46', '2', 'single');
COMMIT;

-- ----------------------------
--  Table structure for `sys_dictionaries`
-- ----------------------------
DROP TABLE IF EXISTS `sys_dictionaries`;
CREATE TABLE `sys_dictionaries` (
  `DICTIONARIES_ID` varchar(100) NOT NULL,
  `NAME` varchar(30) DEFAULT NULL COMMENT '??',
  `NAME_EN` varchar(50) DEFAULT NULL COMMENT '??',
  `BIANMA` varchar(50) DEFAULT NULL COMMENT '??',
  `ORDER_BY` int(11) NOT NULL COMMENT '??',
  `PARENT_ID` varchar(100) DEFAULT NULL COMMENT '??ID',
  `BZ` varchar(255) DEFAULT NULL COMMENT '??',
  `TBSNAME` varchar(100) DEFAULT NULL COMMENT '???',
  PRIMARY KEY (`DICTIONARIES_ID`)
) ENGINE=InnoDB DEFAULT CHARSET=utf8;

-- ----------------------------
--  Records of `sys_dictionaries`
-- ----------------------------
BEGIN;
INSERT INTO `sys_dictionaries` VALUES ('0193ffbfae1e49e0b7810546cada316a', '', 'JiNan', '0030301', '1', '10f46a521ea0471f8d71ee75ac3b5f3a', '', ''), ('096e4ec8986149d994b09e604504e38d', '', 'huangpu', '0030201', '1', 'f1ea30ddef1340609c35c88fb2919bee', '', ''), ('10f46a521ea0471f8d71ee75ac3b5f3a', '', 'ShanDong', '00303', '3', 'be4a8c5182c744d28282a5345783a77f', '', ''), ('12a62a3e5bed44bba0412b7e6b733c93', '', 'beijing', '00301', '1', 'be4a8c5182c744d28282a5345783a77f', '', ''), ('13869886d5c34ddab5671b4629c95eb3', 'JAVA', 'JAVA', '00400100101', '1', '4b68244ec40741e3ba28d849740aabfa', 'JAVA', ''), ('14012293d3ca42779a088bd34c1de87e', 'MYSQL', 'MYSQL', '00400100104', '4', '4b68244ec40741e3ba28d849740aabfa', 'MYSQL SQL', ''), ('1ed105e27dbf4d4086a60c7eddfe7717', '', 'StatisticalType', '00400100202', '2', '58146a8cb56e42a7a1c6cd40873983a6', '', ''), ('27a37029a3444926b6c3f5154bc55506', '', 'codetype', '004001', '1', '396fed67a9ad4ecda7c148419efc105f', '', ''), ('396fed67a9ad4ecda7c148419efc105f', '', 'xtjb', '004', '3', '0', '', ''), ('4b68244ec40741e3ba28d849740aabfa', '', 'langtype', '004001001', '1', '27a37029a3444926b6c3f5154bc55506', '', ''), ('507fa87a49104c7c8cdb52fdb297da12', '', 'xuanwuqu', '0030101', '1', '12a62a3e5bed44bba0412b7e6b733c93', '', ''), ('50ae5fdbf5df4c208fd917377d113e93', 'JAVASCRIPT', 'JAVASCRIPT', '00400100103', '3', '4b68244ec40741e3ba28d849740aabfa', 'javascript', ''), ('58146a8cb56e42a7a1c6cd40873983a6', '', 'templatetype', '004001002', '2', '27a37029a3444926b6c3f5154bc55506', '()', ''), ('5aea8c93d0854efa9fe7b59057b6a580', '', 'RelationType', '00400100204', '4', '58146a8cb56e42a7a1c6cd40873983a6', '', ''), ('6298f22bbc674eb2b1fa39a4f73fa956', '', 'ChartType', '00400100203', '3', '58146a8cb56e42a7a1c6cd40873983a6', '', ''), ('66f1ff79b13947da98525aff7380ef50', '', 'gaoxinqu', '003030101', '1', '0193ffbfae1e49e0b7810546cada316a', '', ''), ('8994f5995f474e2dba6cfbcdfe5ea07a', '', 'yuwen', '00201', '1', 'fce20eb06d7b4b4d8f200eda623f725c', '', ''), ('8ea7c44af25f48b993a14f791c8d689f', '', 'fenlei', '001', '1', '0', '', ''), ('bafffe45a38748c7843ae86bbbc00b31', '', 'GeneralType', '00400100201', '1', '58146a8cb56e42a7a1c6cd40873983a6', '', ''), ('be4a8c5182c744d28282a5345783a77f', '', 'diqu', '003', '3', '0', '', ''), ('c2c71a8e003e4b2cad471ee83b7701a2', 'HTML', 'HTML', '00400100102', '2', '4b68244ec40741e3ba28d849740aabfa', 'HTML', ''), ('d428594b0494476aa7338d9061e23ae3', '', 'red', '00101', '1', '8ea7c44af25f48b993a14f791c8d689f', '', ''), ('de9afadfbed0428fa343704d6acce2c4', '', 'green', '00102', '2', '8ea7c44af25f48b993a14f791c8d689f', '', ''), ('f1ea30ddef1340609c35c88fb2919bee', '', 'shanghai', '00302', '2', 'be4a8c5182c744d28282a5345783a77f', '', ''), ('fce20eb06d7b4b4d8f200eda623f725c', '', 'kecheng', '002', '2', '0', '', '');
COMMIT;

-- ----------------------------
--  Table structure for `sys_fhbutton`
-- ----------------------------
DROP TABLE IF EXISTS `sys_fhbutton`;
CREATE TABLE `sys_fhbutton` (
  `FHBUTTON_ID` varchar(100) NOT NULL,
  `NAME` varchar(30) DEFAULT NULL COMMENT '??',
  `QX_NAME` varchar(50) DEFAULT NULL COMMENT '????',
  `BZ` varchar(255) DEFAULT NULL COMMENT '??',
  PRIMARY KEY (`FHBUTTON_ID`)
) ENGINE=InnoDB DEFAULT CHARSET=utf8;

-- ----------------------------
--  Records of `sys_fhbutton`
-- ----------------------------
BEGIN;
INSERT INTO `sys_fhbutton` VALUES ('3542adfbda73410c976e185ffe50ad06', 'EXCEL', 'toExcel', 'EXCEL'), ('46992ea280ba4b72b29dedb0d4bc0106', '', 'email', ''), ('4c7f34b9eed54683957f356afcda24df', '', 'Datajur', ''), ('4efa162fce8340f0bd2dcd3b11d327ec', 'EXCEL', 'FromExcel', 'EXCEL'), ('cc51b694d5344d28a9aa13c84b7166cd', '', 'sms', ''), ('da7fd386de0b49ce809984f5919022b8', '', 'FHSMS', ''), ('fc5e8767b4564f34a0d2ce2375fcc92e', '', 'userBinding', '');
COMMIT;

-- ----------------------------
--  Table structure for `sys_fhlog`
-- ----------------------------
DROP TABLE IF EXISTS `sys_fhlog`;
CREATE TABLE `sys_fhlog` (
  `FHLOG_ID` varchar(100) NOT NULL,
  `USERNAME` varchar(100) DEFAULT NULL COMMENT '???',
  `CZTIME` varchar(32) DEFAULT NULL COMMENT '????',
  `CONTENT` varchar(255) DEFAULT NULL COMMENT '??',
  PRIMARY KEY (`FHLOG_ID`)
) ENGINE=InnoDB DEFAULT CHARSET=utf8;

-- ----------------------------
--  Records of `sys_fhlog`
-- ----------------------------
BEGIN;
INSERT INTO `sys_fhlog` VALUES ('005b6dd1bd644393aaa7ad649b25176b', 'admin', '2017-05-31 20:52:02', ''), ('010c1dc7ac7646e797061b62cd7b6559', 'admin', '2016-12-29 17:10:54', ''), ('0136a64ef58b4c4bbc5171eb9e381f53', 'admin', '2017-05-15 16:13:04', 'null'), ('016fbfcac9e04b3f96dfbb42c1c0f7d8', 'admin', '2017-01-06 02:05:40', 'null'), ('0205c4d13a654082924aa6b52317b843', 'admin', '2017-01-06 02:08:28', 'null'), ('025965c23ce14dc8a2ac64dee5c9f175', 'admin', '2017-01-06 02:02:29', 'null'), ('025fe9cf29f04985aa939a6cc07654aa', 'admin', '2017-01-02 20:55:40', ''), ('0303470e291649f0a2aff8f4da5bdf94', 'admin', '2017-01-05 17:04:18', ''), ('03106f20ca7647c396b9ebf9508df883', 'admin', '2016-12-22 11:23:56', ''), ('03351d9ca5ac48c9b4e8110def4c9b48', 'admin', '2017-01-06 02:02:29', 'null'), ('037705de1778439ca333ae02f96dda83', 'admin', '2017-05-04 14:06:35', 'null'), ('040c036c4a9e4539a364e1bb803ad1ca', 'admin', '2017-04-25 15:25:20', ''), ('042dc76ce14140509d9faf794bdcbfe1', 'admin', '2017-05-04 13:35:26', ''), ('04cfa6b897494530aa69fbb57126b5ae', 'admin', '2017-05-15 15:25:49', 'null'), ('04ddb2af5f764989b921027bc246bee9', 'admin', '2016-12-22 14:36:02', ''), ('04eb0fec4cd34aa3bf3393fbd44ddb55', 'admin', '2017-05-17 21:35:41', ''), ('054b1280dd3448b6a7a8d858fa198a7b', 'admin', '2016-12-23 15:05:48', ''), ('05537708f66b438ba68486209cd26db9', 'admin', '2017-05-20 10:18:34', ''), ('057b0c8b447b43e48106e7ba9f9e64a2', 'admin', '2017-04-28 18:09:12', 'null'), ('05857f23b60a4431b0e3dd07e0f74fda', 'admin', '2017-01-06 02:05:39', 'null'), ('05ac235b2cd541d8b3e1634e3a075faa', 'admin', '2016-12-24 11:28:20', ''), ('05d63de24f2f4baca614b07294f2a6b3', 'admin', '2017-05-15 15:25:49', 'null'), ('06959677c8114eeda995eb7b7093c126', 'admin', '2017-05-15 16:13:04', 'null'), ('06a12b6f997f4d5ab029ea2e6ef58dfb', 'admin', '2017-05-15 16:12:14', ''), ('06b202bf18344cc2b310ce787368bb85', 'admin', '2017-04-28 18:09:33', 'ID:1'), ('06ccdfa5c07d4aec81fa3f9d731f6f91', 'admin', '2016-12-25 16:12:47', ''), ('06cf17eadb2345278007dac4a0aa738e', 'admin', '2017-04-29 00:38:30', ''), ('06cffcbbcecc4697b1ce72478e179251', 'admin', '2017-04-29 14:31:53', ''), ('06e3277e048b4eb293d503e7a4f77741', 'admin', '2017-01-22 12:56:50', ''), ('070eefd35a984dee935eec5111718bd4', 'admin', '2016-12-21 17:06:39', ''), ('072cbf9396ff47cfadf60bf35fe88359', 'admin', '2017-05-17 21:29:13', 'ID120'), ('0736ebd6ecba4bbb97248f6a2fb013e1', 'admin', '2016-12-28 10:19:30', ''), ('07a8028ccf6f43d680eba501a0665840', 'admin', '2017-04-29 14:50:43', ''), ('07f64a67e83540e3ba5ee04e830869e1', 'admin', '2017-05-20 11:42:26', ''), ('0818948a842c4b19b1f4485d37d7a3f4', 'admin', '2017-01-06 02:05:39', 'null'), ('081b7574ec804ae7bbdf9123cabb0a3f', 'admin', '2017-05-20 22:36:49', ''), ('08c843b5ab08499c9b8dd11c5d362187', 'admin', '2016-12-27 17:57:04', ''), ('08da4613ffdf45bd8031cd09be5a7f86', 'admin', '2017-05-15 15:25:15', 'null'), ('0905e53eee284493ab8001651b2c39f0', 'admin', '2017-01-04 20:50:11', ''), ('0960105ddadd46118a3fffa87d0b62f7', 'admin', '2017-05-15 15:24:21', 'null'), ('0992dbfe58ad43748fe8c6bdab219e78', 'admin', '2017-01-12 14:53:33', ''), ('09c352f119e3406198b66f0d6d589e00', 'admin', '2017-05-15 15:24:25', 'null'), ('0a798235675a4261b651ddbca893a386', 'admin', '2017-05-17 19:32:48', ''), ('0ae79b4000324c62ba2b3e9416e1f7cb', 'admin', '2017-05-15 16:11:04', 'null'), ('0b1620b059fd4092a3cc5006539b5006', 'admin', '2017-05-15 15:24:21', 'null'), ('0b182753937d4d4197b224295ab40b8f', 'admin', '2016-12-29 12:56:12', ''), ('0bd5da179c68450bb7892a11db2fc047', 'admin', '2017-05-15 15:25:15', 'null'), ('0c96db5cf1f64e0083d7e75513803ae9', 'admin', '2017-01-06 02:02:29', 'null'), ('0ce6b36a64e44658a3a3ef18408b5ca9', 'admin', '2017-05-17 19:08:54', ''), ('0d59176a2e9344139f050aff40b3bc6b', 'admin', '2017-04-28 21:23:19', 'null'), ('0d5cf25aaf87401abef51e4eb02d3968', 'admin', '2017-01-05 15:47:54', ''), ('0d79f3106eb145b09d4eff45f787744e', 'admin', '2017-01-06 02:02:57', 'null'), ('0d993a8a9cf94a41ace88c3f0f16b3c0', 'admin', '2017-01-06 02:05:40', 'null'), ('0e333ee6f77844e886958f382302f594', 'admin', '2017-05-20 22:36:24', ''), ('0e6455d6fb8148ee98a58ac08def8d9c', 'admin', '2017-01-06 02:13:17', 'null'), ('0e763b877758491aa12c4f3175e6fbb0', 'admin', '2017-05-15 15:24:25', 'null'), ('0f4f14bf2c5049a5a3c4cc8a8c969cac', 'admin', '2017-05-31 18:01:08', ''), ('0f6122d5b47f4476a8e4d44a1f52d1ca', 'admin', '2017-04-29 01:02:01', ''), ('0f65548659f24b2fb1abbc2bd1647f75', 'admin', '2017-05-20 22:36:46', 'ID:1'), ('0f8f2ac4c7594814aa246856ae1336e7', 'admin', '2017-04-29 16:17:00', '()'), ('0f9c329db90148f9ae8ea101c3751086', 'admin', '2017-01-06 02:02:29', 'null'), ('0fc8d10516444efda39ef93a92b5bd29', 'admin', '2016-12-08 10:13:26', ''), ('10340db9ed3f41918b4c9336d664b89b', 'admin', '2017-01-05 16:29:04', ''), ('106a0dabcabe4515be416e1b00a0592e', 'admin', '2017-01-06 02:02:29', 'null'), ('106e07cd569f4e2780d1c32b4bcb4cc6', 'admin', '2017-04-28 18:09:12', 'null'), ('10c88c56a9ed4e0ba2f64bde7b70d056', 'admin', '2017-06-14 15:59:24', ''), ('10cefb455e5242058b3944e5defbefba', 'admin', '2017-01-05 17:05:25', ''), ('10d9dd15bc4945f1b4c62ce6853c1532', 'admin', '2017-01-02 13:25:56', ''), ('1122f772d305407981a10c3cba581509', 'admin', '2017-01-06 02:02:57', 'null'), ('11288c5a67534b609ca4650982969b5e', 'admin', '2017-05-15 15:25:15', 'null'), ('119cca6c73174808a0de7f03c3ede550', 'admin', '2017-01-02 21:13:50', ''), ('120d0c8bad9c43ee9c327d86aa4c2d12', 'admin', '2017-04-29 14:31:39', ''), ('123107ce9d994d7695ed2757c74e539c', 'admin', '2017-05-15 16:14:12', ''), ('12555a9dfe074c30b59fd228c317b54a', 'admin', '2016-12-24 10:12:25', ''), ('1261856d234e406eb63f8978852a50fd', 'san', '2016-06-06 03:09:11', ''), ('127168e3777f4b5a9e15c08664a0193d', 'admin', '2016-12-29 15:42:57', ''), ('1275afb3f40a456a8accecaf5104888a', 'admin', '2017-04-29 14:32:21', ''), ('12a5102a2010425587de1c32c6fd7589', 'admin', '2016-12-26 15:12:26', ''), ('12bc402888b749369479da01268682fd', 'admin', '2017-05-15 15:21:54', ''), ('1356635e918d4c77b8a6f38cc672d5a7', 'admin', '2017-04-28 21:23:19', 'null'), ('137ddddd0ca2481d810ab6a568ab1d55', 'admin', '2017-01-06 02:05:38', 'null'), ('138462ca37e6436394db30030383b98d', 'admin', '2017-05-15 16:11:04', 'null'), ('13c86247e55e430dbcca0c87f463b33e', 'admin', '2017-01-06 02:05:40', 'null'), ('142657c537944595ae802e81e9fe8fec', 'admin', '2017-05-15 13:25:35', ''), ('14563d7e6d814673b209828ed80cf2a8', 'admin', '2017-01-05 14:22:21', ''), ('146551207ce649f78143bc9318ee483d', 'admin', '2017-04-28 21:05:45', 'ID96'), ('14809c0f35164f2cb7d3a2bc7eed3aff', 'admin', '2016-12-28 13:43:26', ''), ('148e9ea5934744b09d8d5cd304dd8af1', 'admin', '2017-01-05 14:07:13', ''), ('15036ce29b16496b959f4fc3c14767d0', 'admin', '2016-12-21 17:37:19', ''), ('151ed5a062f24476bff844fe5a2c7546', 'admin', '2017-05-17 18:38:35', ''), ('15291bc7d09d4cf092e3b406314b0223', 'admin', '2016-12-23 14:35:12', ''), ('15b8383d828849649c88068914c3e49c', 'admin', '2017-04-25 16:06:04', ''), ('15dd047b9316494a98d5b69cf6c9b4f0', 'admin', '2017-05-15 15:25:15', 'null'), ('15e25a0df5db4a8d869180f10a4ecdda', 'admin', '2017-01-02 21:47:20', ''), ('16043b0222dc4945a878491c410e6a38', 'admin', '2017-05-04 14:06:35', 'null'), ('167642a0f55b41d9818753b52626d099', 'admin', '2016-12-31 21:40:28', ''), ('16d83f59ad464d5890b974c6059b1a68', 'admin', '2017-05-15 16:11:04', ''), ('16f62bac199e4664bb5b9535535339d2', 'admin', '2017-04-29 14:17:47', ''), ('1703f676c57d484183d5052da6e10924', 'admin', '2016-12-22 18:09:34', ''), ('173f236234f64276899e9109ef37df77', 'admin', '2017-04-28 21:30:24', ''), ('1747b9a7b2ff4ac4a1cab91e244d3a12', 'admin', '2017-05-05 17:46:33', ''), ('1775981ddb3a4fa1971fcde7161fdf32', 'admin', '2017-05-21 18:05:56', ''), ('17a7e8c9a1fe45829bb288d68ab5bcf5', 'admin', '2017-05-15 14:30:55', ''), ('17e4fa755c0f48379e9862d5ac55e415', 'admin', '2016-12-22 10:34:36', ''), ('181f807e2c614f05be0e544f996ef65a', 'admin', '2017-01-05 17:32:44', ''), ('182f7cecc1fc427eb17aca5b2006a483', 'admin', '2017-04-29 14:20:16', ''), ('189c181d26174539b18bba76af10ee05', 'admin', '2017-05-15 15:21:54', 'null'), ('192ba65b308642b4842c2d5c5db0eb3f', 'admin', '2017-05-17 15:24:03', 'null'), ('19bcdca9e06f4d41be9a90aa87ed4647', 'admin', '2017-04-28 21:24:14', ''), ('19c767e4440f462ea9d498fd6a74461d', 'admin', '2017-04-29 15:07:49', ''), ('19e089aad54f4ac18ea1b371d8e33d3e', 'admin', '2016-12-28 18:36:56', ''), ('19f407f96dfa49bd834c6017dc54e1d0', 'admin', '2016-12-28 18:26:14', ''), ('1a1b2f457bc84828a489bbd1d6ca0407', 'admin', '2017-04-29 00:55:13', ''), ('1a86370dff53410d902d3b494b3656bb', 'admin', '2017-04-29 00:57:00', ''), ('1adb0349492647c294a9d3ccdd611f11', 'admin', '2017-01-02 22:21:37', ''), ('1b0f387471b34e2f9d7ca231817a54ee', 'admin', '2016-12-21 17:19:56', ''), ('1b264063c389466788c73b326a422b0f', 'admin', '2017-01-06 02:05:40', 'null'), ('1b684601515e46eb9a11e7d1c9524e7d', 'admin', '2017-01-02 16:04:03', ''), ('1b7d4dba138a478ab93a44de3036f48f', 'admin', '2017-05-04 14:06:35', 'null'), ('1b7f8533c9f141fc8fd4a142c5feff9c', 'admin', '2017-01-04 20:40:09', ''), ('1c0378f5c66f411c857b4a6d1708b11b', 'admin', '2017-05-05 23:02:39', ''), ('1c2d6216aee44f6183d3a989e556be27', 'admin', '2017-01-06 02:05:27', 'null'), ('1c4a32bc39f344ceaee45a5da077fe07', 'admin', '2017-05-17 21:29:04', 'ID75'), ('1c7b7451299743d58ee348731e948b4a', 'admin', '2016-12-27 18:19:22', ''), ('1c91b9ccac65465385e81a5bd5fa6082', 'admin', '2017-05-15 14:02:09', ''), ('1cd6b2ef2efe417db471b894e68ea5ec', 'admin', '2017-01-06 02:05:27', 'Api'), ('1d395956aeaf42b9a40a1c82b1d6031a', 'admin', '2016-12-28 18:38:30', ''), ('1d3b8dabbd694666b91e9f50ab1e1980', 'admin', '2017-04-29 14:50:30', 'ID:1'), ('1d418a838790427193784eeccbc67a41', 'admin', '2017-01-06 02:05:39', 'null'), ('1d5fe9e6c30643a4a5c5f82702909975', 'admin', '2016-12-22 15:40:20', ''), ('1e01d10ab52a4bbf9dda68bd7f0681e6', 'admin', '2017-05-04 14:09:24', ''), ('1e379fc2572348b98147296126a88d1a', 'admin', '2017-05-15 16:19:32', ''), ('1e566ac46bf74014b36f899e2bea5450', 'admin', '2016-12-28 18:17:50', ''), ('1e6b592731c04699aabc2dcf30e02e83', 'admin', '2017-05-20 11:55:20', ''), ('1e8b45b88cf049a6961452776a98df92', 'admin', '2017-05-04 14:06:35', 'null'), ('1eae40d8965240aca5696b000aa496a1', 'admin', '2016-12-27 18:26:10', ''), ('1ec3fa3e131944ca826e8f97ddf6354f', 'admin', '2017-04-29 14:32:14', ''), ('1f2df9d8c5184ceda17e7661b794b46d', 'admin', '2017-01-05 15:39:21', ''), ('1f6bec04c56d4c7b863a87e66ced7779', 'admin', '2017-04-29 15:42:24', ''), ('202489dcd4184e10aaec81706737fdef', 'admin', '2017-05-07 21:18:45', ''), ('20703524194e4b389562cf8b65ebc169', 'admin', '2017-05-17 21:31:11', 'null'), ('208603b207e5453792c60e78b33aea40', 'admin', '2017-01-02 18:47:56', ''), ('20aac34c0b8c42a599cd940d5c43adc0', 'admin', '2017-04-28 21:21:59', ''), ('20c5cc0f07434409bd7ff7d49ee6f2c2', 'admin', '2017-05-15 16:14:07', 'ID:1'), ('212311ba29114a68b33caf6c7a411e4b', 'admin', '2017-05-20 22:26:59', ''), ('213230035bcc4e6dada7cbb73ad44a7a', 'admin', '2016-12-21 15:44:11', 'ID:68f8e4a39efe47c7bb869e9d15ab925d'), ('216b44d1714546aa82344322cbb423f0', 'admin', '2017-01-06 02:05:40', 'null'), ('2183a0d324a343f4892d857468d231af', 'admin', '2017-05-15 15:25:48', 'null'), ('21d08fa1de964e3fab5d7f17dac56c09', 'admin', '2016-12-23 17:54:02', ''), ('21f54e1fac914f65b9c64d8d5950750e', 'admin', '2017-01-06 02:10:11', ''), ('222f0b57059340c983fc02316e4f7838', 'admin', '2017-01-06 02:13:17', 'null'), ('227f60a94fbb4355b483ce0d16b2b3cf', 'admin', '2017-05-15 16:17:38', ''), ('22920630612d4bbd978b7ba449de39be', 'admin', '2017-04-29 16:17:00', '()'), ('22debf933376481a8da710de8e43452d', 'admin', '2017-05-17 17:41:31', 'null'), ('234a98ca9a5e4442a44d745bf3dd2cf3', 'admin', '2016-12-30 16:56:10', ''), ('234eeec347534f218d37f2bfa16d594f', 'admin', '2016-12-28 16:22:40', ''), ('236cc4eef8cb4b2a84beb35595c640e2', 'admin', '2017-05-17 16:31:53', ''), ('23d5ec3b6f904411ab770cca3fef7ece', 'admin', '2017-05-05 23:12:11', ''), ('2471c7656822461abe3fad8b78026369', 'admin', '2017-01-05 17:05:56', ''), ('248d415ad1dd4253b05849a9f8989346', 'admin', '2017-05-17 21:37:14', ''), ('24b80f7b8e934799aed39b5381259a2a', 'admin', '2017-01-06 02:07:25', 'null'), ('24bed7499ccb4d85a47a320aa0a9128e', 'admin', '2017-04-29 15:53:25', ''), ('24d177da34064143b93559ff7531d4eb', 'admin', '2017-05-17 21:31:07', 'null'), ('24d19d2a17de437093d4954ab0e3bdf1', 'admin', '2017-04-28 21:05:35', 'ID73'), ('24d4215862b94a5183997846fe2639ad', 'admin', '2016-12-21 21:17:31', ''), ('255773f7c6694592ab454ab602988aea', 'admin', '2017-05-15 15:24:25', 'null'), ('25761773707e4ed1a33799e2c048a897', 'admin', '2017-01-04 20:40:22', ''), ('2589f0e628894f0eb94271a74605583d', 'admin', '2016-12-29 10:12:39', ''), ('259e6a12c827435384e334a3b7642009', 'admin', '2017-01-06 02:04:10', ''), ('25b6521a63ac4a449a76e8ee23dae6f1', 'admin', '2017-04-29 00:06:16', ''), ('25f61eab05b1464bb5654f2a3d93a009', 'admin', '2017-01-06 02:02:29', 'null'), ('25f905b3f3074223a2fe1dbf7d010136', 'admin', '2017-04-29 00:36:08', ''), ('26d3bedd5cba4ca8b2dc46a1913ecd79', 'admin', '2017-05-17 21:29:15', 'ID121'), ('28c77594a1d5474bbf4e87ef9089ac4d', 'admin', '2017-05-15 15:25:15', 'null'), ('297c71af898645d4b6f8b9df755fb42f', 'admin', '2017-05-17 15:24:03', 'null'), ('29af2a9d564d4556a6b9510e5539f30f', 'admin', '2017-05-09 11:50:55', ''), ('29bf5b948bf842c7916037bfa30f1587', 'admin', '2017-05-05 23:15:10', 'test'), ('2a036e16eaa744e8a618813ea7557c53', 'admin', '2017-04-29 15:53:21', 'ID:1'), ('2a36ebe631d94c80b535e7abb794f75b', 'admin', '2017-01-06 02:13:17', 'null'), ('2a4771f9a37741938576bfcbaf4eaac9', 'admin', '2017-01-04 20:49:11', ''), ('2b0417a679a84cb986e5ad4100140cdd', 'admin', '2017-04-28 21:23:19', 'null'), ('2b3d557ecccf4e8bac6173d15b3d019f', 'admin', '2017-05-20 22:40:13', ''), ('2b47e16507a14c90bdf0a628c7aeec04', 'admin', '2017-01-06 02:08:28', 'null'), ('2b5d304ea8414f2ebfba751fbeda9c79', 'admin', '2017-05-31 17:57:44', ''), ('2b6785f815a343599573c8b392d012a4', 'admin', '2017-01-06 02:13:17', 'null'), ('2bd8b810fc1c4099baaa4856fa2d2d49', 'admin', '2017-05-15 15:25:48', 'null'), ('2bf470f5754144e38499696254cd7186', 'admin', '2017-01-06 02:13:17', 'null'), ('2c021d9b665f47bb93e7f7580e56b26a', 'admin', '2017-01-06 02:02:57', 'null'), ('2c4e9f960b6c4db1b316bc983df063ee', 'admin', '2017-04-28 21:23:19', 'null'), ('2c7f3a5772854d7f94159ec4eedc9315', 'admin', '2017-05-17 21:29:30', 'ID129'), ('2c8506ffbfb042b48ce548413c65a3a5', 'admin', '2017-05-15 12:06:57', ''), ('2cb38bc3f1904f9197dc2c43cb647229', 'admin', '2016-12-21 16:39:01', 'ID68'), ('2ce543d07be04846a42bf6599e1038d1', 'admin', '2017-04-28 21:21:10', ''), ('2d019072e7e8470a9857adc84388b357', 'admin', '2017-04-28 18:09:12', 'null'), ('2d1e2f9b2b044b36b1331f501338979e', 'admin', '2017-04-28 21:05:42', 'ID72'), ('2d7c7f802f4a4015951f86930d6e6f7e', 'admin', '2017-05-20 11:42:09', ''), ('2d7fbac59e01437199657926c57511c6', 'admin', '2017-01-06 02:05:27', 'null'), ('2d90b16555ca4e1b892d29b0368eede3', 'admin', '2017-04-28 21:05:58', 'ID71'), ('2dccfb22eceb4636b87e289bdacffffc', 'admin', '2017-01-02 21:38:51', ''), ('2dddf9e89fec4440bbe9e22a7128a40e', 'admin', '2017-01-06 02:05:27', 'null'), ('2e29f7f2dbff47f695d8f8e96f5247fe', 'admin', '2017-05-31 18:01:15', ''), ('2e41933d9b74495e973ed6089eb38c5a', 'admin', '2017-05-17 14:36:17', ''), ('2ec053336ecd49f9a1d5b78c4992da74', 'admin', '2017-05-17 21:31:06', 'null'), ('2ecb27336e44406a8de41fc8f5e44b49', 'admin', '2017-05-03 17:04:29', ''), ('2efc374aaa22430b8b2708129e88916c', 'admin', '2017-01-02 20:51:29', ''), ('2f259e9a7b464f0abdacaa172e9d1cc1', 'admin', '2017-01-06 02:05:40', 'null'), ('2f3fc754c33b45c79eba9657a7cb42ac', 'admin', '2017-05-20 15:51:26', ''), ('2f613e74043a4a1f8f9f8c2305249705', 'admin', '2016-12-29 10:26:53', ''), ('2f71434fa2c8417d862490a0b324c8a2', 'admin', '2017-04-25 16:06:35', ''), ('2fc607ca1f66408a8b665f8de2feb78d', 'admin', '2017-01-06 03:33:31', ''), ('2fda1375394e4ec988cfbf2accac31b5', 'admin', '2017-05-15 15:25:49', 'null'), ('3020f9ed93a74d6397a6780a3d711e6e', 'admin', '2017-06-14 15:50:28', ''), ('3028ffb83fd94abb95f5ea1fc0e78e5a', 'admin', '2017-05-20 22:39:48', ''), ('304232ccd8414860a6281ed119f43a40', 'admin', '2017-01-06 02:05:39', 'null'), ('308143da6e2441d4acee1d67b4fcf2fb', 'admin', '2017-06-02 17:54:14', ''), ('3098e5db20804660aa9eb05c7a0c1c54', 'admin', '2016-12-21 15:47:19', 'ID:3'), ('30ebd1c30b8e4717aee951b12154da3c', 'admin', '2017-05-17 15:24:03', 'null'), ('3132b650d8114ac18fd9abca4058fc8a', 'admin', '2017-04-29 00:55:13', ''), ('318a29f9c9e743428564996e46c1e8a8', 'admin', '2017-05-15 16:13:07', 'null'), ('31c4fa42925f4b8785a65f704825bba1', 'admin', '2016-12-21 16:39:20', 'ID67'), ('31f18bf5cfde408c9cde78b1a6d58471', 'admin', '2016-12-30 19:13:25', ''), ('32398a9b7b1c44668b4d257734e466ad', 'admin', '2016-12-21 20:50:05', ''), ('32658f2344bc41ffbc1b10fc5c507f88', 'admin', '2016-12-26 15:12:05', ''), ('3272e26380a647d79c1f479516c637b8', 'admin', '2017-05-17 21:32:41', ''), ('32ae143bf0ca4da3af4ca171f6493422', 'admin', '2017-05-31 18:05:10', 'ID:1'), ('32db1d79610b43799ff36083a20797d2', 'admin', '2017-05-04 14:38:36', ''), ('32e08ed6a28a482ba98d2a1050f33037', 'admin', '2017-05-15 15:24:25', 'null'), ('3307b545d9ed4f88919fe7e1dc589185', 'admin', '2017-04-28 18:09:08', 'null'), ('335e8f8620434295b16f86ae29f7adbf', 'admin', '2017-01-02 20:34:36', ''), ('33a26fbb95944dcaa625f025eaf7263a', 'admin', '2017-01-11 22:54:30', ''), ('33be1833fa664dc49f9294def2a0713f', 'admin', '2017-05-09 11:05:22', ''), ('3494416b70b249e7b3720ebbf3eee593', 'admin', '2017-05-17 17:41:31', 'null'), ('34a1d43c24fc433287f05931090b6a7f', 'admin', '2017-05-09 11:55:09', ''), ('34f5227dac34449a8a41b72e98f8799e', 'admin', '2017-05-17 21:35:33', ''), ('354e3bee4234418eb7c6f2cddfbd3aa4', 'admin', '2016-12-21 11:06:11', ''), ('35750e0dfcff4c7e9ec7d395a177a725', 'admin', '2017-05-17 21:34:22', ''), ('35798d8bebe747b1a6d0fd6819181283', 'admin', '2017-04-29 14:52:25', ''), ('366d156f879f43d5b6306adc1bc79da0', 'admin', '2017-01-06 02:05:39', 'null'), ('36d1f9055e894b6a8528ca9eb95f1159', 'admin', '2017-04-28 17:27:31', ''), ('386b6bcf212f46edb6d97fd08b0a6dee', 'admin', '2017-01-06 02:05:40', 'null'), ('38c1e93281f645efa0f9c2bf1646781d', 'admin', '2017-01-06 02:05:39', 'null'), ('38c88e8577ed49aea2a5f02c5eb96e4f', 'admin', '2017-04-28 21:23:19', 'null'), ('38d688d87cdb41ca8704545c7e095b5d', 'admin', '2017-05-17 16:50:11', ''), ('3a3a07bb77dc462fa1a9330a9aa6ac5c', 'admin', '2017-05-15 16:11:04', 'null'), ('3a406f9734694501be778a43ba52e681', 'admin', '2017-01-06 02:05:39', 'null'), ('3afd43859029478a90ce83b94f1c14fa', 'admin', '2017-05-31 20:47:12', 'TestMyCode'), ('3b7528252f9e4bb484438b6afb45c765', 'admin', '2017-04-28 18:09:08', ''), ('3b8af36c3ac34d46a54c31744f91b0cd', 'admin', '2017-05-17 18:34:22', ''), ('3c2c47bdf13541f0a709f1f886ac558a', 'admin', '2017-01-06 02:05:40', 'null'), ('3c3f09305325470da133b3ba1697f494', 'admin', '2017-01-06 02:07:25', 'null'), ('3cdc0e133dcb4d29938713a8ddaf69fd', 'admin', '2017-05-04 14:06:35', 'null'), ('3cdfaa731f7e4f2cb181f9754c706ede', 'admin', '2016-12-31 21:13:41', ''), ('3cf0a95396ca443ebae9aff9199d49f1', 'admin', '2017-03-27 16:27:07', ''), ('3df69502e0314ee192a8ee83dbf064da', 'admin', '2017-01-06 02:05:40', 'null'), ('3e253826204241b9a53f134b2c906608', 'admin', '2017-04-29 01:03:25', ''), ('3e82265ae4664a039c1959275123f94b', 'admin', '2017-05-04 14:08:11', 'ID:1'), ('3e8378f66df6481aa7c3148be956201d', 'admin', '2016-12-23 17:54:51', ''), ('3e96669bc4174f099753570c6c2a58f1', 'admin', '2017-05-04 14:06:35', 'null'), ('3f64d41ce07049c483e5632fe8382404', 'admin', '2017-04-17 18:32:40', ''), ('3f8db5016ece44f0bb1294bf179ff2bd', 'admin', '2016-12-25 13:43:06', ''), ('3fda2d01eba54246b6fcb78ef40fe385', 'admin', '2017-05-15 15:25:15', ''), ('402899b80f044d408ff36b1c9a079ac1', 'admin', '2017-05-04 14:06:35', 'null'), ('403b791055e644c5a23ec316d5f0cec1', 'admin', '2017-01-06 02:02:29', 'null'), ('40bf483ccc864441b6c93b7cd30e96ab', 'admin', '2016-12-27 13:17:43', ''), ('411ff741f7f4421f83f5b80bd37649ad', 'admin', '2017-05-15 11:55:41', ''), ('4124fb1d312c4edeb7bca72530c28136', 'admin', '2017-05-17 17:41:31', 'null'), ('4216ccbe62d749acbd8fe8dec4f6f33b', 'admin', '2017-01-06 02:02:29', 'null'), ('42b2389eaa33405c9a8a577e7bcb05db', 'admin', '2016-12-26 15:12:28', ''), ('42ddfdbc9ddc4e6787b3a584cd08a62e', 'admin', '2017-01-06 02:05:40', 'null'), ('42e8ba24c5df42a5954d313837318d3e', 'admin', '2016-12-24 15:27:13', ''), ('4333858fc15c49428df289b978204ec2', 'admin', '2016-12-27 13:03:25', ''), ('43a4f83d4be745c2819a90200bdb64bb', 'admin', '2017-05-15 16:13:07', 'null'), ('4417ed24caf8469889ef48b81e3bf834', 'admin', '2017-04-25 14:27:52', 'admin'), ('4447b7f2eb5b4654a758c53f9d22921f', 'admin', '2017-05-15 15:24:25', 'null'), ('446064c7918e434ca2f350b8e850a384', 'admin', '2017-04-29 14:28:30', ''), ('4486fa3c0e534ae19fb824f1722529be', 'admin', '2017-04-28 21:23:19', 'null'), ('448e3cabcf8b4b85972d21a9877e17eb', 'admin', '2017-01-06 02:07:25', 'null'), ('44ec32a80d07404da80961de8bc0dbce', 'admin', '2017-01-06 02:13:17', 'null'), ('4520e968996442a9af84b39e4788deb2', 'admin', '2017-01-06 02:05:40', 'null'), ('455bef4a63724f42a7e9d79e8024aee1', 'admin', '2017-05-15 15:24:21', 'null'), ('45794de2efcd4de18d9488ba2e1e788a', 'admin', '2017-01-06 02:08:28', 'null'), ('4607e8e1294142ea876cd6fb11a7b2d8', 'admin', '2017-04-29 15:06:08', ''), ('464015f3cc804e7695b98a61b2557816', 'admin', '2017-01-06 02:07:25', 'null'), ('465a88ea8a8a4f45b4f32025ffc68842', 'admin', '2017-05-20 22:36:24', ''), ('465ee67f519448e185c911a7d1133d15', 'admin', '2017-05-04 13:15:43', ''), ('4668c0f20c5f4a50916a55a79d247c40', 'admin', '2017-01-06 02:02:57', 'null'), ('46cb9c82d3ea43e385e0982921f421f7', 'admin', '2017-04-28 22:44:48', ''), ('46d77876cd2d4373ab4e116d130a85e6', 'admin', '2017-05-22 15:09:03', ''), ('478651b86204428cb28a13c69c0898b8', 'admin', '2017-01-06 02:05:39', 'null'), ('4791e45adec547ac9f290e04a4189d30', 'admin', '2017-01-06 02:05:38', 'null'), ('47edeeb5b8bd4d83bb261d5ce832b665', 'admin', '2017-01-06 02:02:29', 'null'), ('47f370f6145e4ea2bba1fa58d5aa7824', 'admin', '2017-04-28 21:23:19', 'null'), ('488143a31d77499889be48903994a410', 'admin', '2017-01-06 02:05:39', 'null'), ('4881a18377b249ac91021e33c44258ff', 'admin', '2017-04-28 22:24:45', ''), ('489c4e3ddb424dca9fdfc9709ff55a9c', 'admin', '2017-05-20 11:58:18', ''), ('48b6f0fc40bb41efaab50d26ea876773', 'admin', '2016-12-28 18:35:43', ''), ('48c06b8f19bb4c6987d5029298d73880', 'admin', '2016-12-30 19:41:47', ''), ('490ae90afedf436182f84af3ad233ed1', 'admin', '2017-01-06 02:13:17', 'null'), ('491bf1c6de3f49be84d580e359b6897d', 'admin', '2017-01-06 02:02:29', 'null'), ('49edb0ee51164df7800ecd33fa352f88', 'admin', '2017-05-15 15:25:48', 'null'), ('4a09b35c79b043fab1bc3380f15cd0d1', 'admin', '2017-06-14 15:59:16', ''), ('4a272488bf5847baa9a3788baea04112', 'admin', '2017-05-05 23:15:10', 'test'), ('4c88611e72f8457597bf6e3fa365a270', 'admin', '2016-12-23 09:58:56', ''), ('4dbea008b7474700a3f3f037a10238db', 'admin', '2017-05-17 17:41:31', 'null'), ('4e40ee46f2bb460f808e878eb2da29f8', 'admin', '2017-01-06 02:05:40', 'null'), ('4e6370f50dbf4571a4f0724a8620e041', 'admin', '2017-04-28 21:06:05', 'ID69'), ('4eca8bc95fc24ec89ab26bf427a5f6e6', 'admin', '2016-12-25 16:23:37', ''), ('4f80ef74ddd64c07bad647320e4ad4aa', 'admin', '2017-04-29 14:49:02', ''), ('4fa7c07d58e34e11a7e3c3c6c36b5be8', 'admin', '2017-05-15 16:11:04', 'null'), ('4fc60f3a2cb24d52bd470c29028000be', 'admin', '2017-01-06 03:32:53', ''), ('4fd157e129244dd6a6de57171f0b7f75', 'admin', '2017-05-05 22:05:15', ''), ('4ffd3b651c164a9ea23169faa89bf60f', 'admin', '2017-05-17 21:34:31', ''), ('50127e7471e042b38f4d055315e3c363', 'admin', '2016-12-28 18:23:27', ''), ('50a97765fc4845dfb34928eeceb76e90', 'admin', '2017-05-17 17:49:43', ''), ('50c2bb9641cb4e939b731fe0308bbde7', 'admin', '2017-04-29 16:13:12', 'ID:1'), ('51546961c75849c781355dc227458a20', 'admin', '2017-01-06 02:02:29', 'null'), ('51672e9fe8804094b7f366aef42c0ac5', 'admin', '2017-05-15 16:11:04', 'null'), ('519b20c5dc5142e4bfa0b2d9d0707021', 'admin', '2017-01-05 17:32:20', ''), ('51d83fcf658944399c8e2eab5a3a1ef1', 'admin', '2017-01-22 12:55:47', ''), ('51e958d449ad4d0ca9ef825163bf9ed5', 'admin', '2017-04-18 14:12:18', ''), ('52a3a4bd015948fba389ecb305c96953', 'admin', '2017-04-28 21:18:50', ''), ('52b81c9650fe4b51870c6ac672ee6046', 'admin', '2017-05-17 15:24:03', 'null'), ('5367ea3673fc4ca98e09859267bbd556', 'admin', '2017-05-15 16:11:04', 'null'), ('54005391d594462980b9f25d669ad442', 'admin', '2017-01-06 02:02:57', 'null'), ('541ba484e04641449a98188b83c40f78', 'admin', '2016-12-29 12:54:01', ''), ('5431c659664b4c4fa43cb53559eaf9a0', 'admin', '2017-04-28 21:19:59', ''), ('54fa4a0da1c54a6ab98b6ba51fe087f4', 'admin', '2017-05-17 17:41:31', 'null'), ('5512afb50c184fe39acf185ce0d4c787', 'admin', '2017-05-04 14:06:35', 'null'), ('5526de63caca4eaf8071d2aeb5d7a35c', 'admin', '2017-01-06 02:13:17', 'null'), ('552b8906bbbf434abbd44d4bb0c352a5', 'admin', '2017-01-06 02:05:39', 'null'), ('5534f6c7a76b44cdbfe6738ad29f9aa1', 'admin', '2017-01-06 02:02:29', 'null'), ('55f56e7f58d84f9285ecc98ef0fc50ce', 'admin', '2017-05-17 21:29:39', 'ID137'), ('56acb0716db94ef9b22e44d5f5f78a10', 'admin', '2017-05-17 21:32:09', ''), ('570216031a4f4df4a9443b9344abd5bd', 'admin', '2017-04-29 00:42:19', ''), ('570b7bfb36884ee7b17f0e655f3bc945', 'admin', '2016-12-21 20:58:15', ''), ('57782b41575640a3ab5eff5a5aef03d1', 'admin', '2017-01-06 02:13:17', 'null'), ('57de05941ed54068a1a9f7f5f54b3efe', 'admin', '2017-05-15 16:14:21', ''), ('580fbc61eeb44715835f8d9e14e7f197', 'admin', '2017-05-17 17:41:31', ''), ('583de9b92176431195256c7e8b4e996f', 'admin', '2017-01-02 18:47:56', ''), ('587da90aa0a14e01a9aecd21996af875', 'admin', '2016-12-26 15:06:46', ''), ('59a794a8756c418c8ff7bdcfec4468e7', 'admin', '2017-05-15 15:21:54', 'null'), ('59c55dceafd54b8fa77d6cec1e2dd731', 'admin', '2017-05-31 20:52:16', ''), ('5a1d38cd8ced45428b50719ad7bf50f5', 'admin', '2016-12-21 16:05:34', ''), ('5a93d9b178b2429185db8fa16872003c', 'admin', '2017-04-29 16:13:01', ''), ('5afb6e7b148f416ea331e8b79b78fbb8', 'admin', '2017-05-17 21:31:11', 'null'), ('5b148141c736465facf7dd3555a9c472', 'admin', '2017-01-06 02:05:40', 'null'), ('5b2fb6aaf37e4fa99dc84d564e37336a', 'admin', '2017-01-06 02:13:16', ''), ('5b544449ec30407f805762925126a973', 'admin', '2017-05-31 19:37:54', ''), ('5bb2fbfa3f1d4cc0936fd4d69f94b389', 'admin', '2017-01-02 12:29:25', ''), ('5bbaded9178e4f91a701ff2ceace251f', 'admin', '2017-01-06 02:08:28', 'null'), ('5be8fe50a22a4a47a543368d3b594801', 'admin', '2017-04-28 18:09:08', 'null'), ('5bf7311971de4d2a92195f9e268070c6', 'admin', '2017-05-15 11:58:42', ''), ('5c8e9d069c9443b1b18a810b5e87ffcc', 'admin', '2017-01-06 02:05:40', 'null'), ('5c9fb4481bda42fabe81a18b9157c3bc', 'admin', '2017-01-06 02:05:27', 'null'), ('5cbd30374cb342098ab03f5761d83743', 'admin', '2017-01-06 02:13:17', 'null'), ('5d05ac28e8b14680917736c05d250d14', 'admin', '2017-05-15 16:13:04', 'null'), ('5d25678947bf4dc59c4fd04eb1c13d1e', 'admin', '2017-05-17 19:08:54', ''), ('5d47a077450341ccae969ab94251dc85', 'admin', '2017-01-06 02:05:39', 'null'), ('5d4f8e2a36354898a8a27bf6aa64593c', 'admin', '2017-01-06 02:02:57', 'null'), ('5d746efc5ff34ca18b5221e4001b33a6', 'admin', '2017-04-28 18:09:12', 'null'), ('5d8feb12a8394485b1a61f07ce67448c', 'admin', '2017-01-02 12:06:46', ''), ('5db0e35e64654c2891ec86514e2fbe7f', 'san', '2016-06-06 02:28:46', ''), ('5dc2910a4a6647aa8cc71b16f53865aa', 'admin', '2017-05-15 15:24:25', 'null'), ('5dd75d7fb2a04c7ebd33eef0495d9597', 'admin', '2017-05-15 16:11:04', 'null'), ('5e4c24adc9f3482b82f2213b163e7a7d', 'admin', '2017-04-29 14:20:23', ''), ('5e8378ab4ea243cba57f1ea82e0182bf', 'admin', '2017-01-05 17:31:30', ''), ('5e934384f8534daf94d387f2c818d5db', 'admin', '2017-01-06 02:05:27', 'null'), ('5eb8350d7ad74aafbc276f45378db46e', 'admin', '2017-05-17 21:30:41', ''), ('5f1157858cec4024b63b5f86532e14e3', 'admin', '2017-05-15 16:13:04', 'null'), ('5f27d5fb5f1349808e059edca2417ee7', 'admin', '2017-04-28 17:10:19', ''), ('5f7c6b860db049b3878a342f5fc32fed', 'admin', '2017-05-15 11:52:55', ''), ('5f84e6edc5eb49a7844bf8245cebae95', 'admin', '2017-05-31 20:47:37', ''), ('5f9398868bbc44ae8a3831f7d114a489', 'admin', '2017-01-06 02:05:39', 'null'), ('5fb06894f89f4fe19814716f7010626e', 'admin', '2017-01-06 02:08:28', 'null'), ('600f7acaaf5549d1bb1c6bc3126403e1', 'admin', '2017-01-06 02:02:57', 'null'), ('607bd899356c41a18270d0f2d91030bf', 'admin', '2017-05-15 16:11:04', 'null'), ('60939f444c3c43cc819914d989de2694', 'admin', '2017-01-06 02:05:40', 'null'), ('60d481927fee4b8786c723daa3741ab8', 'admin', '2017-01-06 02:02:57', 'null'), ('614f2a395479423390719329f4fa4ecc', 'admin', '2017-05-15 15:25:15', 'null'), ('6150da5dbeca4a4f8a6297d6a1a74b77', 'admin', '2017-01-06 02:05:39', 'null'), ('61780ed7212443f5b17471745c05ee27', 'admin', '2017-01-06 02:08:28', 'null'), ('618e37b04af1466393bb62cc23c1d795', 'admin', '2017-01-05 17:32:05', ''), ('61a77ce8fbff4a528ccb46245703a07e', 'admin', '2017-01-06 02:05:38', 'Api'), ('61bb7f62df684379901f5e750514a76d', 'admin', '2017-04-29 14:17:39', ''), ('6210919aeff247bc9edf012c8acc3d46', 'admin', '2017-01-05 14:22:19', ''), ('621e731b71f243f29871d0080d5f974f', 'admin', '2017-01-06 02:08:28', 'null'), ('628eb159995e4fe2ab9f38e3eaa674cd', 'admin', '2017-04-29 16:21:13', 'ID:1'), ('62a01a57b7604cafbbb55e7ae93b00b1', 'admin', '2017-05-15 15:25:49', 'null'), ('62ca4ddbc6ce4aacaa34031217fddca6', 'admin', '2016-12-23 09:13:37', ''), ('633e8fd0c99b4eea8a5e57d29ed63b14', 'admin', '2017-05-10 14:12:48', ''), ('63735b41ee854c61b94fab022a3f3239', 'admin', '2017-04-29 00:47:43', ''), ('63d52776bfcd422f8198acc5054de30e', 'admin', '2017-04-29 15:06:08', ''), ('63da04668df1486d9c495eb2f3613732', 'admin', '2016-12-21 17:23:43', ''), ('64057cf0c9f346158c0ad608184374b7', 'admin', '2017-05-15 15:21:54', 'null'), ('6425957461684ef6a9b6d931fc2d10c5', 'admin', '2017-01-06 02:08:28', 'null'), ('6443457db6494345aff0d814919dafc2', 'admin', '2017-05-31 20:52:11', 'ID:1'), ('645df169e50042aead2f495daf96c1b7', 'admin', '2017-05-15 15:21:54', 'null'), ('64b192a61d3c4d14bf01ac54775c8f80', 'admin', '2017-01-05 15:47:25', ''), ('64cc92e7c69a409eb0f00bc772fc5aba', 'admin', '2017-01-06 03:32:29', ''), ('65099b712da442d298895c5635a79695', 'admin', '2016-12-21 21:05:31', ''), ('651ebcf9c7f44e878f028c0cae9e9ff9', 'admin', '2017-05-15 15:25:49', 'null'), ('654f01d20222466fb391ee93ec381869', 'admin', '2016-12-25 17:59:28', ''), ('65730496688148cfb8c80d8b0c1852cd', 'admin', '2017-01-05 18:56:29', ''), ('65fdd379dd234c218b4693bc11e0f4fc', 'admin', '2017-05-17 21:31:06', 'null'), ('6600b69dc66c4ad98b1b2a5e7a24f1ab', 'admin', '2017-01-05 17:05:01', ''), ('669e4258ba634eb487c0a4c9c003df29', 'admin', '2017-05-05 21:34:41', ''), ('66b1be050ba4404ebfff037546e7c773', 'admin', '2017-05-04 14:06:35', 'null'), ('6710ea275713472798833b1f85fce47f', 'admin', '2017-01-06 02:05:38', 'null'), ('672fc525c7ed4a2f9e47c02991ba7770', 'admin', '2016-12-26 10:44:18', ''), ('676d1720ec25433bac18ae842d29358e', 'admin', '2017-04-29 01:15:00', 'ID:1'), ('67f7eeaff544455c8a0cded7521f0286', 'admin', '2017-04-29 14:50:33', ''), ('683d93e7384543bbb53217d98528f431', 'admin', '2017-01-06 02:05:40', 'null'), ('684e9400406e4729832aa3d94f9c8b9e', 'admin', '2017-05-15 16:11:04', 'null'), ('68ae40d1172f4706aff6d1e2a96f73b3', 'admin', '2017-05-15 16:13:07', 'null'), ('6903c0d431514d5f87535981094c2cc1', 'admin', '2017-05-04 14:06:35', 'null'), ('6a25088599eb4deeabed2edd659e759c', 'admin', '2017-05-17 15:24:03', 'null'), ('6a44a7975e1646dbbe3955b342127233', 'admin', '2016-12-21 15:44:46', ''), ('6a4f0b9aaaed4e5ab525a11886154220', 'admin', '2017-04-28 18:09:08', 'null'), ('6ad1dfab46764e35a601fcd48f874e69', 'admin', '2016-12-26 09:46:38', ''), ('6b19feae29f84b839c4bb2973773d8ba', 'admin', '2017-05-15 15:24:21', 'null'), ('6b1cba5f0e5a4bd1977dbdb5ce5101cf', 'admin', '2016-12-27 17:25:12', ''), ('6b40255e99154659bdef3f8ac24e1c7f', 'admin', '2016-12-21 19:52:38', ''), ('6b54f0462585457db58aeaea1edaa274', 'admin', '2017-05-15 15:25:49', 'null'), ('6b78cb49e48f45f680e35daf9fb43aa8', 'admin', '2017-01-06 02:05:27', 'null'), ('6bc5556a52e545a4b8fbbbaf38f4580e', 'admin', '2016-12-22 09:15:05', ''), ('6bf520de0df1401d838a582c3c082ee3', 'admin', '2017-01-06 02:05:39', 'Api'), ('6c281df4bcb94e8a925a8989f3f9dd92', 'admin', '2017-01-05 14:02:17', ''), ('6c5767248d0f410fbda65fb48ae827ab', 'admin', '2016-12-21 21:05:01', ''), ('6c5a23b4a3864e038cc278d7918c10c8', 'admin', '2017-05-20 11:55:38', 'ID:1'), ('6cc3586fc10640579bb1d694aed7806e', 'admin', '2017-01-05 14:21:56', ''), ('6d49e1e5ff5849d6be5b4bf9380fe31d', 'admin', '2016-12-24 10:26:08', ''), ('6d61ff078d554500b9a1a1069924b0ee', 'admin', '2017-04-29 16:21:08', 'ID:1'), ('6dfd410e6d444ffa9078fe22f0036d1a', 'admin', '2017-05-15 15:21:54', 'null'), ('6e05dcdef36c4ca09df6007516893b55', 'admin', '2017-04-28 18:09:08', 'null'), ('6e73e4aff4e84ad9bcb21be12c9ffd81', 'admin', '2017-01-06 02:13:17', 'null'), ('6ebcc8532295406b9aa2646aa2a30a69', 'admin', '2016-12-21 20:14:16', ''), ('6fea913e429a428fa7eb785acbfdcce0', 'admin', '2017-04-28 21:23:19', 'null'), ('7016ae40eb1949458d88e5fd1e1784bd', 'admin', '2016-12-28 18:36:07', ''), ('702e6d036a2b4a38941c2af08ea86758', 'admin', '2016-12-24 11:00:35', ''), ('70586a82644e4a44ba630167fb364665', 'admin', '2016-12-21 20:52:56', ''), ('707e7368d5194e52b675d1e8acd851a4', 'admin', '2017-05-09 11:34:20', ''), ('7151ae1edeb34e418a24eedabb825d2a', 'admin', '2017-05-15 16:11:04', 'null'), ('71719ca2c33f4609876ed6118f402794', 'admin', '2017-01-06 02:07:25', 'null'), ('71dbba16156a459384ffa1e480988146', 'admin', '2017-01-05 22:10:36', ''), ('720f9eb1899e452ca94077e657e075ce', 'admin', '2017-01-05 17:01:01', ''), ('721b50f072384c53b4045426d4b0ccd4', 'admin', '2017-04-28 18:09:12', 'null'), ('7227293c36584eea8fd8d0619d3d3348', 'admin', '2017-05-20 22:40:08', 'ID:1'), ('72aa27ca0c07441cbbda4531be4389e5', 'admin', '2016-12-23 17:51:02', ''), ('72af866e1aca4ce18f771965020dbea7', 'admin', '2017-04-28 21:23:20', 'null'), ('72b7ac6cbd744b99982a1dcec5afa86d', 'admin', '2016-12-21 15:43:20', 'd3Nodes'), ('736ecf84e1274f4faa8f7449952d29d2', 'admin', '2016-12-30 19:11:35', ''), ('7501b61289764db28a4d5618238fe1c5', 'admin', '2017-01-06 02:02:57', 'null'), ('752775eaa49747de859744465ed89f1d', 'admin', '2017-01-06 03:32:29', ''), ('75806370e74d4cb8a814391b9865d8b2', 'admin', '2017-01-06 03:28:29', ''), ('7590ab6a35eb453b86bc464ace981dfd', 'admin', '2017-05-17 17:49:43', ''), ('75b7937c86464ee8854563e8296a5502', 'admin', '2017-05-31 20:47:12', 'TestMyCode'), ('7613c6e92b6444e3915a91a9c5934240', 'admin', '2016-12-22 10:34:27', ''), ('7663c932d842411b884efa212d76017c', 'admin', '2016-12-21 20:58:21', ''), ('76dcaadb80844b0b88301eadc2f54c30', 'admin', '2017-04-28 18:10:06', ''), ('770c0273fe5f422393a5869f65de509a', 'admin', '2017-01-06 02:05:40', 'null'), ('771081075ded4c8f910d153cf0edb3e3', 'admin', '2017-01-02 20:46:48', ''), ('77223a1db5424809a0e8485dc4c9b592', 'admin', '2017-05-31 14:18:16', ''), ('7758c88987a84245a611b1845fe3292b', 'admin', '2017-01-06 02:05:38', 'null'), ('77b002ec37e64cedb1609134a874bee3', 'admin', '2017-05-17 17:39:25', ''), ('77c50f59bd234cfdb624e39ecb1e2fdd', 'admin', '2017-01-04 20:41:12', ''), ('78e159e69eea47b6a0d1c69052bc1e49', 'admin', '2017-01-31 17:38:04', ''), ('792e093988a74e5b90192aff1dc729dc', 'admin', '2017-01-06 02:05:27', 'null'), ('796f45c2738b41e4a8c08dff7f19919d', 'admin', '2017-01-06 02:05:40', 'null'), ('797b2058ffa64bfd80fe5994ddc35f1c', 'admin', '2016-12-21 20:54:50', ''), ('79904e453ea84e079a0b2063bc4ab087', 'admin', '2017-01-06 02:02:57', 'null'), ('79c21fe6501944d8a41dd6e08f7c23b3', 'admin', '2017-05-17 21:31:06', ''), ('79f4c8e8807c4689b3ee820b149b2591', 'admin', '2017-05-20 15:45:52', ''), ('7a656833e05d4ba284f72d3ab3e994b0', 'admin', '2017-05-03 17:35:16', ''), ('7ab8fef5a56049688748a0b36cb1df47', 'admin', '2016-12-21 15:38:29', ''), ('7ac3b0e6c80547b6936e5cdb1f4c5c1c', 'admin', '2016-12-30 09:24:21', ''), ('7ad608ccf0ae4d44bedd7c8a4ae4434d', 'admin', '2017-01-06 02:07:25', 'null'), ('7ad7cfea9c554b49b72c0e5c6e288259', 'admin', '2017-01-06 02:02:57', 'null'), ('7b612d05410840f9aabfec703a3f219d', 'admin', '2017-05-05 17:43:14', ''), ('7bf484df82ad47ea9ae7bf0f9e0140ff', 'admin', '2017-04-28 21:06:01', 'ID70'), ('7c1e2322fb4e45ab96f7db3f35d11295', 'admin', '2016-12-24 15:16:02', ''), ('7d506e1f1e134c1bb9499a7469492c5a', 'admin', '2017-05-17 15:24:03', 'null'), ('7d6406252fac41449dbbf20cd4df536a', 'admin', '2016-12-26 15:12:08', ''), ('7de5b99bc42546339c2960e2a4fe7d49', 'admin', '2017-01-06 02:02:57', 'API'), ('7deb5f47149540019ff1d73d446924b7', 'admin', '2017-04-28 22:44:36', ''), ('7e338fbdf42a490196f4293cef1bb615', 'admin', '2017-01-06 02:05:40', 'null'), ('7eae43985ee64bf08c4fa68ecff183c1', 'admin', '2017-01-06 02:07:25', 'null'), ('7edbcecc70d047a2a00b449bdb62bebf', 'admin', '2017-04-29 16:15:35', ''), ('7eed8ceed69d4f8eadaede5859e9e7d6', 'admin', '2017-05-17 21:31:06', 'null'), ('7eee66f1432047549245afb015065910', 'admin', '2017-01-31 18:27:41', ''), ('7f73de47879345c0ba8fff23796018fd', 'admin', '2017-05-17 15:24:03', 'null'), ('7f74e147143a489f9240b6fc2c4002cc', 'admin', '2017-05-20 11:55:20', ''), ('7f9435a7349342e7879484a07fa688e3', 'admin', '2017-04-29 14:01:36', ''), ('7f958f14b6af44a797c6ba32402509bd', 'admin', '2017-01-06 02:05:40', 'null'), ('7fe1593db30a4bae885083c70894760d', 'admin', '2017-05-17 18:38:35', ''), ('802d86a1a5e143e98d45c51d8989a012', 'admin', '2017-05-17 15:24:03', ''), ('804c710ce4344f5381a02b840aa6089c', 'admin', '2017-01-04 20:40:33', ''), ('810ebe0e16e84b55b7b1dd3cea84949e', 'admin', '2017-04-29 16:15:35', ''), ('81195972b77046bf9557e00b7618670f', 'admin', '2017-01-05 15:39:06', ''), ('81a068831d814c73a19f6cd531d932bb', 'admin', '2017-04-28 18:09:08', 'null'), ('81bc06467e514ff8ba43ad2a33030338', 'admin', '2016-12-29 18:20:29', ''), ('827c471d681749cebbf77672d302e6cf', 'admin', '2017-05-15 11:58:34', ''), ('82a7b626b25a465093ca38a261856694', 'admin', '2016-12-25 13:42:19', ''), ('82c030745c664c6da87a805a50702bb0', 'admin', '2017-05-15 15:24:25', 'null'), ('82d04c3de8cf4cee8630ab3b2e1d97a9', 'admin', '2017-05-20 22:38:17', ''), ('82daccee5bb64c53b10d6f58c3bd4563', 'admin', '2017-04-28 21:23:19', 'null'), ('82e451b2e5ab4bccbb0d6328153dad68', 'admin', '2017-01-06 02:05:39', 'null'), ('82ef42a799db42b3aff0c691a2da8173', 'admin', '2017-06-14 15:22:58', ''), ('83d8bbeb72e749dba902f94a6264875c', 'admin', '2017-05-17 16:27:55', ''), ('83f4648058b44437baed3f398db93300', 'admin', '2016-12-29 18:18:45', ''), ('8435495836fc4626a5d7333bc1472ad6', 'admin', '2017-05-17 19:18:35', ''), ('84452191b4c04d70877732d271f660f7', 'admin', '2017-01-06 02:05:40', 'null'), ('84f45cb21ae94d4a91c0591be6fabdf4', 'admin', '2017-01-06 02:05:38', 'null'), ('852a8f7b0e3247a3ba8d41edb72a9d28', 'admin', '2016-06-06 02:28:38', ''), ('856405a09745462b9e57d0b5ed9b60a6', 'admin', '2017-05-17 17:41:31', 'null'), ('85be519531b744998008c29105402b13', 'admin', '2017-05-04 14:28:34', ''), ('85c745cd55af4b41b5dca800817f9fa2', 'admin', '2017-01-31 17:41:06', ''), ('85f73ac138de483880c790b4d8f8f969', 'admin', '2017-01-06 02:13:17', 'null'), ('860fa84f5f2844a7b88055b645b77247', 'admin', '2017-05-15 13:32:00', ''), ('868e23adaba940e584901d7fac7df582', 'admin', '2017-01-06 02:07:25', 'null'), ('86e549430c9a4b758078d1691ad7a35a', 'admin', '2017-01-02 21:58:03', ''), ('870c6e5463d64d0090da89f94f45482d', 'admin', '2017-05-10 14:12:49', ''), ('87c7f863a2e64c98a314d7f3c584f3ac', 'admin', '2016-06-06 02:27:47', ''), ('87d01fb198764ab3a4dcee8a83fdd2de', 'admin', '2017-05-15 15:21:54', 'null'), ('87d8b47abb8649b9b20d3ff6fc01775b', 'admin', '2017-05-17 21:32:33', ''), ('87dfe7064b284036a2271aa79691fa6a', 'admin', '2017-05-17 17:41:31', 'null'), ('880c1c0a4c6f4ee98c4ce79b489559e0', 'admin', '2017-05-04 14:09:34', ''), ('8825ae61dfc341fd9f3700845abb0086', 'admin', '2017-01-06 02:05:27', 'null'), ('88993de0dd354a279d549ffa479d7642', 'admin', '2017-05-20 11:42:31', ''), ('8979ae41e6264c148e97b3df25141dd4', 'admin', '2017-04-29 00:58:06', ''), ('8a2f51a4b33b4dda9c01f90c59ba3225', 'admin', '2017-05-15 16:15:55', ''), ('8a3680d306cc4be993eff16b5915a240', 'admin', '2017-05-15 15:24:25', 'null'), ('8a69a79045864b6786ac52ac396d7b00', 'admin', '2017-04-30 01:11:31', ''), ('8a9b68ed0d464274a6f01e2203c99b8a', 'admin', '2017-01-06 02:05:40', 'null'), ('8b0e4005dfc045ba9e49071d34af686d', 'admin', '2017-05-31 14:10:09', ''), ('8b225c171101445bb2f8b8636c9b72f9', 'admin', '2017-01-06 02:05:40', 'null'), ('8b4564539a0c42d0bfa8c26cbb07076d', 'admin', '2017-05-15 15:25:15', 'null'), ('8b5bfa0c24524ed882bf6c411e901585', 'admin', '2016-12-21 20:53:47', ''), ('8ba488b110834d238ec4780d1d5ecc0d', 'admin', '2017-04-28 21:30:38', ''), ('8c0e530d6454447c85b88e2b3c58e5f8', 'admin', '2017-01-05 15:47:53', ''), ('8c17820a52da41f8b1c86a8c672ce7cb', 'admin', '2017-05-17 21:31:11', 'null'), ('8c2e146aa4ad44f6862ec5b5bb3e4d20', 'admin', '2017-05-23 14:39:21', ''), ('8c3875a854874190a539fc7d5c56a788', 'admin', '2016-12-28 09:15:06', ''), ('8cc96330e96e41f78af7a4adb8477209', 'admin', '2016-12-22 14:41:12', ''), ('8ccb8ac583b74c9bb2c20beac64a807b', 'admin', '2017-01-06 02:02:29', 'null'), ('8cfb21c3581b4e1d9c4cac1937e77b96', 'admin', '2017-01-06 02:13:17', 'null'), ('8d2600d0d3d74f2badb66b5d56f9b99a', 'admin', '2017-01-05 14:05:18', ''), ('8d9beb9b25694532a63978ec62443070', 'admin', '2017-04-29 15:42:24', ''), ('8de53061efee44ed9f587903c76f0683', 'admin', '2016-12-21 15:46:25', ''), ('8dff41c2f4994d7080e5ad13d9775593', 'admin', '2017-05-05 15:54:28', ''), ('8dffc83a229c421b9bd14b3fa23f7c98', 'admin', '2017-05-31 18:00:43', ''), ('8e164d4998de4ed9a3a244c2798ce577', 'admin', '2017-05-17 15:33:21', ''), ('8e7a189aa4ac46debb395b5b11029117', 'admin', '2016-12-27 18:07:27', ''), ('8e8ee8f3e7a8424284cbd199c763aefa', 'admin', '2017-01-06 02:05:39', 'null'), ('8eac0e1ae948467fbe04dca6589981b2', 'admin', '2017-04-28 21:23:19', 'null'), ('8fc207f059374cd2921ae8e108d05773', 'admin', '2017-04-28 19:20:18', ''), ('8fc4e511b8c14c0bae7fad4736666b69', 'admin', '2017-05-05 21:42:26', ''), ('8fe047577bff4aae9d815a602ca9cc95', 'admin', '2017-04-28 21:10:25', ''), ('8fec84179177486185527e4ad6a158aa', 'admin', '2017-01-31 17:52:58', ''), ('9003bcd4550a4942a965bc6086f6603a', 'admin', '2017-04-28 21:05:32', 'ID74'), ('901d6ee2d6544c5c93749b59b52ad3b3', 'admin', '2017-05-17 21:31:06', 'null'), ('905cadd055b847cb9dce295861a1dbf2', 'san', '2016-06-06 02:29:18', 'ID:3264c8e83d0248bb9e3ea6195b4c0216'), ('90a22569f84748ab86376f2312c3a770', 'admin', '2017-04-28 22:24:42', 'ID:1'), ('9109677d8108433382f9c0b5831fce1f', 'admin', '2017-01-05 17:01:07', ''), ('9141a8b47de047908aac17af5121e2bb', 'admin', '2017-05-17 16:34:21', ''), ('915b4f3967f848d9b479ffc1c5795044', 'admin', '2017-05-04 13:24:46', ''), ('91a11401a8884930a5577021b12e6f07', 'admin', '2017-05-15 15:21:54', 'null'), ('91db70d5feaa4b26a8261bc9a3011c69', 'admin', '2017-01-05 18:56:38', ''), ('921650378743401ba65ceaba6c2cffef', 'admin', '2016-12-27 18:02:19', ''), ('923efa024bc148d8b4802b672e1bdbfd', 'admin', '2017-05-20 11:42:20', 'ID:1'), ('92560e7b251d4c569655c1fa7d03b019', 'admin', '2017-01-06 03:15:21', ''), ('926bb2e1e45c4e90a6eff84e7460487b', 'admin', '2016-12-21 15:50:24', 'ID:1'), ('92c0f36799544613bec9d11fb1c85a24', 'admin', '2017-04-28 21:23:20', 'null'), ('92e7a136a5a14ea195a538e92a2518e0', 'admin', '2017-01-06 02:05:27', 'null'), ('930eaf88926848eaa35d85584b4c46e5', 'admin', '2017-01-06 02:05:39', 'null'), ('93584171ed7c474fbc97743a968df30a', 'admin', '2017-04-29 00:57:17', ''), ('9393642e441348fca0f34d018fa14bdb', 'admin', '2017-01-06 02:05:38', 'null'), ('94250543467347498075775f0d5ae374', 'admin', '2017-01-06 02:05:40', 'null'), ('942cec30e87b4c92890361e26400cb59', 'admin', '2017-01-06 14:29:39', ''), ('945e9946aeb9498bb15e287b6ee8a6fc', 'admin', '2016-12-23 14:20:33', ''), ('9471754bd1a640b2b35f39834b058c29', 'admin', '2017-05-17 16:20:42', ''), ('94b5b64628e547c7b23403561d3ced1c', 'admin', '2017-05-04 14:06:35', 'null'), ('95c89690975742f1aa7f2f19a1d4f359', 'admin', '2017-01-04 20:50:16', ''), ('9615bdb84d114f179a0ef036ca415b8a', 'admin', '2017-01-05 17:01:17', ''), ('9621a93a6d4842c28a56478f456ebe79', 'admin', '2017-05-04 14:06:35', 'null'), ('968369324e184d69b2cdec87a35f28d2', 'admin', '2017-05-15 16:29:18', ''), ('9683f2394b19430bbbebb65f6c7044ef', 'admin', '2017-01-06 02:02:29', 'null'), ('968abdf87caa468db088efa100653660', 'admin', '2017-05-17 15:24:03', 'null'), ('96e639718b1c476e88baf6580d41b482', 'admin', '2017-05-15 15:21:54', 'null'), ('96f085eef34e4bcdb8a9f3f94d25f473', 'admin', '2017-01-06 02:05:38', 'null'), ('972d9939546f4f42abaa4e331ceb0e81', 'admin', '2017-05-17 19:32:48', ''), ('97464ced495f4ad9a537726859718bdf', 'admin', '2017-01-06 02:05:40', 'null'), ('9768a40e39424111a84ad99c728103fb', 'admin', '2017-05-15 14:04:30', ''), ('978c8273b17e40a1b9890fd645132910', 'admin', '2017-01-05 17:31:47', ''), ('9810353f2b9b476fac23a9ef8f5234a9', 'admin', '2017-06-02 18:04:43', ''), ('98356a32548b44dda375cef0859f5496', 'admin', '2017-05-15 15:25:49', 'null'), ('98f2f6a5ca9f4e44ab1f40873204753d', 'admin', '2016-12-24 17:43:43', ''), ('99f16ac0c3e248a186a5b6721a013a46', 'admin', '2016-12-28 19:00:14', ''), ('9a019e27dc50433da382622607f33e67', 'admin', '2016-12-22 09:39:22', ''), ('9a752b678fcb4a0e92dd8daff8df042c', 'admin', '2016-12-28 18:36:00', ''), ('9aab01a4750e4f638805bbb343cbb918', 'admin', '2017-04-25 16:06:13', ''), ('9ad5e780ea4c4d80875bc4de9ce07f0d', 'admin', '2017-05-17 15:24:03', 'null'), ('9b2e154aaceb43b8918738acebbc13df', 'admin', '2017-05-15 16:13:07', 'null'), ('9b3739401f2b4f0e9c995f33ccf065bc', 'admin', '2016-12-29 13:03:38', ''), ('9bbfba3fd6c347a083d1e059e73466d2', 'admin', '2017-06-12 14:38:50', ''), ('9bd69d1babc04a099cb147dd7bbf3831', 'admin', '2016-12-28 11:09:59', ''), ('9bf5e3e20c6841b5a94ebc3d27598c94', 'admin', '2017-04-28 21:23:19', 'null'), ('9c0570d5a0ea44d6ace69151c6a013bc', 'admin', '2017-05-15 15:25:15', 'null'), ('9c3fcaf3b9b54476b805dda1fb354a3f', 'admin', '2017-01-06 02:02:58', 'null'), ('9c753daa80fd47b49e246537ae56ea8a', 'admin', '2017-01-06 02:05:27', 'null'), ('9cd272fc63d9408fbee2d10eb472f5b7', 'admin', '2017-01-06 02:05:27', 'null'), ('9d40570b7c2c439f953fb6414a3a7ff7', 'admin', '2017-01-06 02:07:25', 'null'), ('9d51fdffc41d419a9a0e562bacf664af', 'admin', '2017-05-20 15:23:33', ''), ('9d6acb91c72a4b95ab884853aecd9038', 'admin', '2017-01-06 02:08:28', 'null'), ('9df52ab197e04fe4befe5b2f4b7a5026', 'admin', '2017-04-28 18:09:08', 'null'), ('9e11457fccb64df89ccabb0603f29de0', 'admin', '2017-04-25 16:06:05', ''), ('9e739fcef5bd446ca18587cb8b8dc9d8', 'admin', '2017-05-04 15:18:13', ''), ('9ed9a47e2ea047d38870f4baf6178890', 'admin', '2017-05-15 15:24:21', 'null'), ('9f541e03fb78483286781f6bfabac44a', 'admin', '2016-12-21 20:55:38', ''), ('9f9f5cd6ce8a44dfbc9d5c3df1a4e1e2', 'admin', '2016-12-24 15:35:48', ''), ('9fcf83d55cd449878fb05b462cdb7413', 'admin', '2017-04-25 14:26:05', ''), ('9fec766e6f2b4f788af8c3b298bbc4b0', 'admin', '2017-05-15 15:25:49', 'null'), ('9ff13a0d2ecb4068ae305796b45bfaf5', 'admin', '2016-12-28 10:33:09', ''), ('a05bd3054ec849d8ad34611f858625e6', 'admin', '2017-05-15 15:24:21', 'null'), ('a06ded909afe4dcebf63d66a3a134655', 'admin', '2017-01-06 02:05:38', 'null'), ('a0a6071aa2d04af7b9d3b5d150bfe8c5', 'admin', '2016-12-22 12:01:13', ''), ('a0cf1a78b43f43048596624ffce557fa', 'admin', '2017-01-06 02:08:28', 'null'), ('a1020197c08f46f1b55aef09c1ec491d', 'admin', '2016-12-21 17:44:26', ''), ('a12b1a0d1c5645ff932cbf8927a9f71c', 'admin', '2017-01-06 02:05:39', 'null'), ('a178f2899545419389e6150ed08290cc', 'admin', '2017-01-02 21:04:15', ''), ('a1e07abfa71149868c279ff9b4a02bb4', 'admin', '2017-04-29 00:57:37', 'ID:1'), ('a27134836e3a470d98d6987a0bb64342', 'admin', '2017-05-17 21:31:06', 'null'), ('a2c873851ae94d4f927bde4b22b9bb75', 'admin', '2017-01-06 02:05:38', 'null'), ('a31144a74e90422096d245d29c2fc6a2', 'admin', '2017-01-06 02:14:26', 'admin'), ('a366ef0a39014479af10d7876052e335', 'admin', '2017-04-29 14:49:02', ''), ('a39480dadeb54e2e8f20e3f26de023f9', 'admin', '2017-01-06 02:05:39', 'null'), ('a3baed2971cc4bf694c46e81b78d2563', 'admin', '2017-04-28 18:08:30', ''), ('a3c4863345124bcca955e1e5ccce997b', 'admin', '2017-01-06 02:05:40', 'null'), ('a449853c50524f0db374a764b2c4155e', 'admin', '2017-05-15 16:13:04', 'null'), ('a4518f6d48e343b0938feec10737e13f', 'admin', '2017-05-15 16:13:07', 'null'), ('a470e516010b47c3b1a1733a190ced29', 'admin', '2017-01-02 22:02:55', ''), ('a5052bc232b843d6a031cafbf93d797a', 'admin', '2017-05-17 21:31:06', 'null'), ('a506e1471f0948fa8f66ae307c0096c0', 'admin', '2017-04-28 14:39:54', ''), ('a52cefa1318b41c1a1543c8decf17d24', 'admin', '2017-05-17 17:41:31', 'null'), ('a575b0d2ac4d4ab89d04c957d5268bb5', 'admin', '2016-12-25 18:28:07', ''), ('a5c712930c7c4a7797624f43dd239c96', 'admin', '2017-01-06 02:05:39', 'null'), ('a5f7bdb9ab3e4cf5a83c1f9a6a6c43ca', 'admin', '2017-04-28 18:09:12', 'null'), ('a602482c94634c6698a9095ee487e11f', 'admin', '2017-05-15 16:11:04', 'null'), ('a63c693999184d21a6afb3e9a69ae75d', 'admin', '2017-05-15 15:25:15', 'null'), ('a64a2b0327eb4593b0c3feea36ae7fbf', 'admin', '2016-12-21 16:10:21', ''), ('a6a57b12f1cc47a2bc4afeaf62a02b6a', 'admin', '2016-12-22 10:32:47', ''), ('a6cd3182314345ffae7bc61823d236c2', 'admin', '2017-01-02 12:38:34', ''), ('a6d6784faa2d4c20afa6b7d695523296', 'admin', '2017-05-20 15:45:20', ''), ('a6d99fb74304405b8d5c735b6236e80c', 'admin', '2017-05-15 15:25:49', 'null'), ('a6df88144870461eafea50c2b8e68374', 'admin', '2017-06-02 18:01:01', ''), ('a6e5814e67bc484282343e21d6d00f03', 'admin', '2017-05-17 15:34:23', ''), ('a78d56fe377d4f4d8ae8e5313290e06d', 'admin', '2017-01-06 02:02:29', 'null'), ('a7a70c63cb774637bf269720950b325e', 'admin', '2017-01-05 17:31:05', ''), ('a7ddced974b5417db8cfc8d3520fb5da', 'admin', '2016-12-30 15:50:30', ''), ('a85314d66adf4ff5895da15e35a0038d', 'admin', '2017-01-05 15:48:06', ''), ('a8c67fad352d447593c9eec0752392f7', 'admin', '2017-04-28 21:05:28', 'ID119'), ('a8dbec10c9e24ecc9009160b48758824', 'admin', '2016-12-22 09:58:08', ''), ('a9f2d51cc82c458bb1f0f1f80cf6bace', 'admin', '2016-12-22 10:30:04', ''), ('aa3011baa1d44ff698e05ace6f90433c', 'admin', '2017-04-28 18:09:12', 'null'), ('aa714d68f9114ec083fd32be6d213e97', 'admin', '2016-12-28 18:36:34', ''), ('aa89248b9b3e47b2918821bd05e8d319', 'admin', '2017-05-15 11:57:43', 'D3Simple'), ('aaf2f18949944576916c48baa6f47039', 'admin', '2017-01-06 02:02:29', 'null'), ('ab797b479d7a43eabefb20ef9f88e827', 'admin', '2017-05-17 21:17:19', ''), ('abc679532d9541fbaf2e8592d6338f79', 'admin', '2017-01-04 20:50:34', ''), ('abe35488f6504c4294cfa927d8e1a0f4', 'admin', '2017-01-06 02:02:58', 'null'), ('ac6ef59013c44cf8b38c7b5f4f65a2aa', 'admin', '2017-05-10 14:10:32', ''), ('ac83d8415bae4f799deaaee07a88465c', 'admin', '2017-05-15 15:25:49', 'null'), ('aceb0147820a4fea94b60de086f0d91c', 'admin', '2017-05-31 18:01:00', 'ID:1'), ('ad039d24696340f8a33ad3204bf0535e', 'admin', '2016-12-21 20:45:53', ''), ('ad1c8e5053404e869513af577a29c69c', 'admin', '2017-01-06 02:05:27', 'null'), ('ad7403d649344d7889e6b86d531d0a54', 'admin', '2016-12-22 10:34:19', ''), ('ada14f642cd543f29406b15269668b94', 'admin', '2017-01-06 02:05:40', 'null'), ('adc85a8a83f847499ae67ea563e52326', 'admin', '2017-05-15 11:58:22', 'ID:1'), ('ae2f84fd2629463eb187419e33d21c10', 'admin', '2017-04-29 16:17:21', 'ID:1'), ('ae781449acf34ac6ac9e04653a4493fa', 'admin', '2017-04-28 21:22:08', ''), ('af4aee65e0f14c869db350c4bd4c1bf7', 'admin', '2016-06-06 00:15:44', ''), ('af7ff6a1d7d0464fbd199d6f62fa7b7a', 'admin', '2017-05-15 16:13:07', 'null'), ('af9cdcd67dfe4f0f96307f963b9c0921', 'admin', '2017-05-17 17:41:31', 'null'), ('afb7e55b4a47496ab0911d20d7f18c0b', 'admin', '2017-04-29 15:07:47', 'ID:1'), ('afebc391545140b09f51acde773089a8', 'admin', '2017-01-06 02:02:57', 'null'), ('b01052dfcfd64a58bab6ade8aea3f436', 'admin', '2017-01-06 03:32:18', ''), ('b028984925274f32a68c0024fc6aafd5', 'admin', '2017-05-17 16:36:00', ''), ('b032a8ed482d435f89322925e1ea9b1b', 'admin', '2017-01-06 02:07:25', 'null'), ('b061a6cc57f84953a1cb07303347efae', 'admin', '2017-05-04 14:06:35', 'null'), ('b0a7eaf90e5248afbcceef28b0218592', 'admin', '2017-04-28 22:24:37', 'ID:1'), ('b0be744eefc94e13ad51cee8018c63fd', 'admin', '2017-04-29 16:17:27', ''), ('b0cd047dc2b449549cb54fd905121a8b', 'admin', '2017-01-06 02:05:40', 'Api'), ('b0e5e418eea842c3a3013b54edb59685', 'admin', '2017-05-15 15:21:54', 'null'), ('b1306c26101f4331921a1f0179ad9789', 'admin', '2016-12-21 15:44:00', 'ID:3264c8e83d0248bb9e3ea6195b4c0216'), ('b16131fa90e7453e9236c4aff4150c63', 'admin', '2017-05-15 15:25:15', 'null'), ('b16ad3c0e074440792d9d262a50f7b2c', 'admin', '2016-12-23 17:53:58', ''), ('b23af1aae11e4ba9bead02b31f608926', 'admin', '2017-04-28 18:09:08', 'null'), ('b23f495e4257458f836c4933ff6fd822', 'admin', '2016-12-21 15:46:53', ''), ('b289a7479bd344dab9c6ff46efb7b2bb', 'admin', '2017-01-06 02:07:25', 'null'), ('b2b4a675224d4bbd9a456ba0a68413f2', 'admin', '2017-01-06 02:07:25', 'null'), ('b2bf60e2ef9542a4b3b3efd5a62aa4cd', 'admin', '2017-05-20 15:39:03', ''), ('b2c025aa7ed649efb109971280660796', 'admin', '2017-04-28 18:03:48', ''), ('b2f1fc8c9fff4d0180b7822151c3a96a', 'admin', '2017-05-31 20:37:50', ''), ('b3101b5efec246b2bd62f7d9655be8fc', 'admin', '2016-12-28 11:21:22', ''), ('b3293d5e948545d198eaf16805a14aef', 'admin', '2017-01-14 18:52:29', ''), ('b344806dbe1c40ec84fb85e57b5b315d', 'admin', '2017-05-17 15:24:03', 'null'), ('b34b66ad13b14571b2cdc1e70097c2e5', 'admin', '2017-01-06 02:05:40', 'Api'), ('b367d2cd02e34ff6a3203f7476c7d4c2', 'admin', '2017-05-15 16:29:10', ''), ('b3914064b8ec44eaa576ab3500b43657', 'admin', '2017-05-17 21:30:47', ''), ('b39f13079e214d09823797fc28ac6454', 'admin', '2016-12-26 09:44:24', ''), ('b3ca71afff204a9483f04ed2c84ec828', 'admin', '2017-05-17 21:32:02', ''), ('b410ad0d8a4646aca7b2de56a87c0088', 'admin', '2017-01-05 14:51:05', ''), ('b4446350cc894ef08c47a4a25d87c5f2', 'admin', '2017-04-28 21:04:49', ''), ('b48d5f8a75e549d79dd63679536f73dc', 'admin', '2017-01-06 02:07:25', 'null'), ('b49abae5dd55453aa83564eda0722542', 'admin', '2017-05-15 15:25:15', 'null'), ('b4ab3342ad654c64a3d1fb83863e6068', 'admin', '2017-04-24 18:26:06', ''), ('b4ecfcd0d4304af0bbcfd42ff59cdf01', 'admin', '2017-01-06 02:05:27', 'null'), ('b547027a73064a21a87e18b8f5227316', 'admin', '2017-01-05 17:04:25', ''), ('b5d1001903144fc8a87e796a606ccad9', 'admin', '2017-05-15 15:21:54', 'null'), ('b65d5de770594fabb04b0d115540f724', 'admin', '2017-01-05 15:39:00', ''), ('b6851946dacf4770a3e0723bf993ad78', 'admin', '2016-12-21 17:16:52', ''), ('b68abd006a3948658fc6cff0db2d688b', 'admin', '2017-01-06 02:13:17', 'null'), ('b6ef3cd2af36462bb9c3623f5e8ede52', 'admin', '2017-05-17 21:31:06', 'null'), ('b73cfc19fddf4936a801f8d0d4b86767', 'admin', '2017-01-06 02:08:28', 'null'), ('b74f58fbaff94e959bc4125008bf70fe', 'admin', '2017-04-28 21:18:50', ''), ('b74f8540f6984dc2b47bff0639bc2522', 'admin', '2017-05-15 15:25:15', 'null'), ('b751f586d31742c1b8f6c136deaaee57', 'admin', '2017-01-05 16:27:54', ''), ('b7769fd64a0847aba7d08b4e4c3d1d0f', 'admin', '2017-01-06 02:13:17', 'null'), ('b7a9439fa3314366abdc7f62d9e7712c', 'admin', '2017-05-17 17:50:12', ''), ('b7abb5f7014b4a55b3daa9645b722fa8', 'admin', '2017-01-05 15:48:07', ''), ('b7b9fb5a65034cb494a36695e561cccc', 'admin', '2017-01-06 02:02:29', 'null'), ('b7dbec9d8ef64808a8952ca3a9691d5a', 'admin', '2017-01-06 02:02:29', 'null'), ('b7f0a8cf761744e08f72435180c53f9c', 'admin', '2016-12-29 09:17:38', ''), ('b82c98401bc94fb397b771c64edf17a0', 'admin', '2017-05-20 15:45:45', ''), ('b83e350761594c08969b71453788c74b', 'admin', '2017-05-17 21:31:06', 'null'), ('b844c600b1b44b1eaf3d7b2f3680af0c', 'admin', '2017-05-12 11:54:46', ''), ('b8ca036e1ec141ecbc72ac421ff3f8e1', 'admin', '2017-05-04 14:06:35', ''), ('b968c6cbf16c43ce9cbfd9aad15d2b01', 'admin', '2017-01-06 02:08:28', 'null'), ('b979b1f7ef184d37a0e33641db61f5dc', 'admin', '2017-05-15 15:21:54', 'null'), ('b98ed863ee0d4457ad46f8852064a3ea', 'admin', '2017-05-15 15:21:54', 'null'), ('b9dfac2780f345c887ee5aeef6060cfd', 'admin', '2017-01-06 02:05:40', 'null'), ('b9f58e03abbb4f4284252bc3146fa0fa', 'admin', '2017-01-06 02:05:38', 'null'), ('ba1fba83743a45da8bcb4ea304bd112e', 'admin', '2017-04-28 23:51:42', ''), ('ba573f5038014bad88d5169b3753d85e', 'admin', '2016-12-21 20:57:47', ''), ('ba8a743301eb4c3cb6191f6b2f95620d', 'admin', '2017-04-29 15:52:12', ''), ('bac03c906eed4900804ce8f05587b91c', 'admin', '2016-12-23 09:55:19', ''), ('bad48da741ca4f56a4244b17ed5c9c27', 'admin', '2017-01-06 02:05:40', 'null'), ('bb4e1c285ecb49f0a5d5b36c8efdfc9b', 'admin', '2017-04-28 18:09:12', 'null'), ('bb89f5483aad4839a2d3191b9f6eab98', 'admin', '2017-05-17 15:24:03', 'null'), ('bb9badc34c79490585f1b11ad3f5c22d', 'admin', '2017-05-10 14:13:05', ''), ('bbcbc247eeae4e7abcebc7e23bc1a936', 'admin', '2017-01-06 02:05:38', 'null'), ('bc0024da0b8a493283ccdd73213b3bf5', 'admin', '2017-01-06 02:05:40', 'null'), ('bc5cdb64b1d748cca154cd7fbe40566d', 'admin', '2017-01-31 17:30:06', ''), ('bccbf8dfb8c8460ca25afb5a98f49328', 'admin', '2017-05-20 15:45:40', 'ID:1'), ('bcdd2f4de0174634aabe6330780c858f', 'admin', '2016-12-21 15:50:50', ''), ('bcdd5b5d346e43198868a57ca051065d', 'admin', '2017-01-05 15:46:59', ''), ('bcdd978761e64535824d6c0f5cf022e2', 'admin', '2017-04-28 18:09:12', 'null'), ('bce713bb389740bc819428a4102f1ba5', 'admin', '2017-05-05 23:29:58', ''), ('bceb34afd75e49fd9a53a2480c3af497', 'admin', '2017-05-17 15:24:03', 'null'), ('bd4eff9aa31e4c958bafc3ffc0709a23', 'admin', '2017-01-06 02:05:38', 'null'), ('bd5fae97a2fd4671a7d7e87f9bc0a13a', 'admin', '2017-01-06 02:05:40', 'null'), ('bdcd8601a6fc4b508f11fb83396a2e31', 'admin', '2017-05-17 21:37:21', ''), ('bdd0956aa40043e29b331ea1bf8faaa6', 'admin', '2017-01-06 02:02:57', 'null'), ('bdedd8bd2599466f99d4618072bb9517', 'admin', '2016-12-21 15:19:49', ''), ('be3526fcf1214fc197e9cf16d5e7669f', 'admin', '2016-12-22 10:31:41', ''), ('be3aebd7db914a9cbd752a65f534174a', 'admin', '2017-01-12 13:02:01', ''), ('bf15b25b7ab541b48787d1c0d50c7e65', 'admin', '2017-04-28 19:16:05', ''), ('bf8bdf8e157f4a508b324928ae7b602e', 'admin', '2017-01-05 15:46:53', ''), ('c02c46c9f9784df7afdc2c4335cc3bcf', 'admin', '2017-04-25 16:06:14', ''), ('c031f2dc0d55480fa459657e725c2ac7', 'admin', '2016-12-21 15:50:42', ''), ('c085e6e3de764bd699786252a3d16330', 'admin', '2016-12-21 15:47:01', ''), ('c0bb6c0551844640a5d10bbe881b06f0', 'admin', '2017-06-12 16:09:47', ''), ('c0bf34f658484a0ebb730f5ce6416550', 'admin', '2017-04-28 21:23:19', 'null'), ('c10585356b40481396e6ee6ade93200f', 'admin', '2017-05-05 23:19:10', ''), ('c115bbeb6274431c8333b047a0e9d07a', 'admin', '2017-01-02 21:27:42', ''), ('c13138e5b5f84c9daa70e1b341a95d19', 'admin', '2017-01-02 21:35:56', ''), ('c15ddc295b0b4e67b65ef046c71ce07f', 'admin', '2017-01-06 02:05:40', 'null'), ('c15f3e786fc34697bed18eff21ae7d0f', 'admin', '2017-01-05 17:01:28', ''), ('c16725a77e5246efb5c219da4f710064', 'admin', '2017-05-17 19:18:35', ''), ('c24f88af7638476e84481e65ffb3b7d3', 'san', '2016-06-06 02:29:23', ''), ('c26f483202e4427ab9926a7907e3cedf', 'admin', '2017-01-05 15:47:12', ''), ('c29edf22d267431fb30fe79d5c15f76e', 'admin', '2017-04-28 21:24:06', ''), ('c2db2682ad81409986966be9feb11ca1', 'admin', '2017-05-17 17:41:31', 'null'), ('c304e4c09ec346279492e01f4af4a151', 'admin', '2016-12-22 11:17:44', ''), ('c3bfec64319741ed890b39381ba7a311', 'admin', '2017-05-17 18:07:03', ''), ('c3ddec872f444c1f984ca07057532afa', 'admin', '2017-01-06 02:08:28', 'null'), ('c3fa66e3c1fa430c80cd7c6173122f31', 'admin', '2016-12-21 16:05:28', ''), ('c403b8fd558c4d7ba60c13baa433a854', 'admin', '2017-01-05 14:22:04', ''), ('c44530425d8447499ba353d2f798164c', 'admin', '2017-05-05 17:15:46', ''), ('c4cd1ea178a3404191e30f71de6abfb8', 'admin', '2017-01-05 22:10:30', ''), ('c52b9e7939d74a06b205cf7f7c4bbd28', 'admin', '2017-01-02 19:18:22', ''), ('c54011e5c67543018e74177d45a0af8c', 'admin', '2017-06-14 15:33:01', ''), ('c58545eb50064fd4bee5912c901b4d82', 'admin', '2017-05-20 11:39:14', ''), ('c6002fabfe32424aa43964b3c3b43187', 'admin', '2016-12-21 21:05:38', ''), ('c60f94d925b243b39416386714aecd71', 'admin', '2017-01-06 02:05:39', 'null'), ('c6636e1012f6404bb06c28f6a86785c3', 'admin', '2016-12-21 20:50:51', ''), ('c711da3052344ec4b545688357304270', 'admin', '2017-01-02 08:24:30', ''), ('c71493f01fdd4c2cb7c23ee6264c41ab', 'admin', '2017-05-15 16:13:07', 'null'), ('c72e0a7e1d954df68ab0cfe06ca778df', 'admin', '2017-04-29 15:08:48', ''), ('c7c17ad4fe2b4a5f8d09c221c1aa3582', 'admin', '2017-05-04 14:24:38', ''), ('c7d877a2a48049d8b11480ddc12c3609', 'admin', '2017-01-06 02:07:25', 'null'), ('c8a3cda6a89247f4ac945c84cbc6e5fe', 'admin', '2017-04-29 00:57:56', ''), ('c8ff37505c4142d88e199488569c5d18', 'admin', '2017-05-17 21:31:06', 'null'), ('c9b89471ed0441c2b7cc3133e0bdc971', 'admin', '2017-01-06 02:05:40', 'null'), ('ca02d9c580644ee2a33f16e5cddacd21', 'admin', '2017-05-20 11:39:14', ''), ('ca3e1f06c1fd48d798107819109151f0', 'admin', '2017-01-06 02:05:40', 'null'), ('cab36b2eb173425fb4bd12827fb41059', 'admin', '2017-01-05 15:39:21', ''), ('cab92d5902a94d618ffa5567bc378feb', 'admin', '2017-01-06 02:07:25', 'null'), ('cb04065770614200a8ed6258a860a86b', 'admin', '2017-05-17 17:41:31', 'null'), ('cb3c15108a1a4dd5acfd397f7e40d976', 'admin', '2017-05-17 19:31:28', ''), ('cb7d96bd374e4806827978a66b17698d', 'admin', '2017-01-06 02:05:39', 'null'), ('cbcf3685009c4aa4ae025876cfac54ec', 'admin', '2017-04-28 21:23:19', 'null'), ('cbf16fe596574335aa30baebd6d6b103', 'admin', '2017-01-06 01:59:16', ''), ('cbfdc774876a4868817a0825cc5ec543', 'admin', '2017-04-28 21:21:45', 'ID:1');
INSERT INTO `sys_fhlog` VALUES ('cc5dd8c814534a9cad15898aad49992a', 'admin', '2016-12-23 17:15:34', ''), ('cc6a429fff6e4845bfd99129d53ee378', 'admin', '2017-01-06 02:05:40', 'null'), ('ccf490e664914f2e8c0bfdd4de6dd74e', 'admin', '2017-05-15 16:13:07', 'null'), ('cd11831105bd45eab74e70a9731d56c5', 'admin', '2017-04-28 21:21:53', 'ID:1'), ('cd5aee31c4bb46f38bc0d7d93aea937e', 'admin', '2016-12-28 10:13:55', ''), ('cd8e02d1cc41499e85e80629f221e391', 'admin', '2017-01-06 02:05:39', 'null'), ('cebe3e4f42b642ff9ab6c32760e7b44f', 'admin', '2017-05-15 16:13:04', ''), ('ceeb53a9c2674121a19ad7ffaaf4d353', 'admin', '2017-05-15 15:23:19', 'ID132'), ('cef7b4ca01244ca9ab52808baddda32b', 'admin', '2017-01-05 14:23:29', ''), ('cf1e8a212b024b00a617d8e6d0513c12', 'admin', '2017-05-15 16:11:04', 'null'), ('d0360bdd4dae4356a13466aa9c3d542d', 'admin', '2017-05-15 15:21:54', 'null'), ('d0ebc363bc1040f4bcaa87535bc7751c', 'admin', '2017-01-06 02:05:39', 'null'), ('d0f5abbbd0274a9d9a61187da6f503b1', 'admin', '2017-04-29 14:21:46', ''), ('d128b4850a864edabea790c344c107de', 'admin', '2017-05-15 16:13:04', 'null'), ('d14816ca1cdc43bb9f76ed1a890d1bc0', 'admin', '2017-01-06 02:05:39', 'null'), ('d15ba1748c2a40c88e9eefad5a220292', 'admin', '2017-05-17 02:43:50', ''), ('d1ca7cd0decf4ecd94f2535c1a8ca8d2', 'admin', '2016-12-23 17:54:49', ''), ('d1de3e69dbf84345972c72112ca44d1a', 'admin', '2017-01-06 02:07:25', 'null'), ('d2060d216c6d4289be89888d4114f23b', 'admin', '2017-05-20 22:04:32', ''), ('d2d451e1ece04eda9f0c3a57a6426be7', 'admin', '2016-12-27 18:05:32', ''), ('d349c3bfd4fd405bbaeeb1a74aecfa90', 'admin', '2016-12-23 09:42:06', ''), ('d37b9aa230044fc781072ab3b95b602b', 'admin', '2017-01-06 02:05:38', 'null'), ('d3a7d22aa06641d6bee0004ef0a755e2', 'admin', '2017-01-31 17:51:41', ''), ('d4191086ac874662adf316239d29192c', 'admin', '2017-01-02 21:45:39', ''), ('d4c7ca2499544d619fc0a060af740a07', 'admin', '2017-06-02 16:29:44', ''), ('d4e8802e878b4fe7bcd0138e4b99ad14', 'admin', '2017-05-20 22:37:07', ''), ('d5ed11d0600d4425b1cbc7cd7eebc5f2', 'admin', '2017-04-29 01:15:08', ''), ('d63b5cf2cc17417bb308faa7cac5b700', 'admin', '2017-01-11 20:06:02', ''), ('d644a064f1ed45aab87933f1a1bdaca1', 'admin', '2016-12-25 14:09:32', ''), ('d6b6bab659b9429b90d4dcce9f3ddada', 'admin', '2017-05-17 15:34:32', ''), ('d72d413658564065a00fa698c9958465', 'admin', '2016-12-26 15:15:01', ''), ('d79f32b899c94ebbb3a1f2dc86286026', 'admin', '2017-01-05 15:48:24', ''), ('d8235df2a8394bcca06782934553160e', 'admin', '2017-01-06 02:02:57', 'null'), ('d871136ca0ec422f92fc4e2b58f87bef', 'admin', '2017-05-15 16:11:04', 'null'), ('d88529b2e3f54fbfba2d00340a4501db', 'admin', '2017-01-06 02:08:28', 'null'), ('d892eb0c47b54faf9a425b6005a8f6a6', 'admin', '2017-05-15 16:11:04', 'null'), ('d8f2540a8bdc42dabb68f37ac737d313', 'admin', '2017-06-14 15:24:43', ''), ('da5c9db32c194e58a4774c8544d50bcc', 'admin', '2017-05-15 16:11:04', 'null'), ('da9d30fdbf024e048254529c17dcecf1', 'admin', '2017-05-17 15:24:03', 'null'), ('daa3011dc45445c8b12c26aee63c4bdf', 'admin', '2017-04-28 22:25:14', ''), ('db12a5f531c845fda04af832ac86afee', 'admin', '2017-04-28 21:06:08', 'ID68'), ('db2c9d00cb0d4f74bee0214619de4417', 'admin', '2016-12-21 15:44:05', 'ID:3'), ('db3ab8f4348045f3b9376aa41acb634a', 'admin', '2017-05-15 16:13:07', 'null'), ('db4daaf008994a7f9addabc0078e6f17', 'admin', '2016-12-28 18:34:06', ''), ('db4e318ec8434767a24bbb104930bf73', 'admin', '2017-04-29 16:18:44', ''), ('dba02c0c4c244fed837b8161350fbbdf', 'admin', '2017-05-15 15:25:48', 'null'), ('dbd854938af64edc85d5205a3db11ee1', 'admin', '2017-04-28 21:19:49', ''), ('dc23a97cbdac4e52890664ae96d4c466', 'admin', '2017-05-17 15:24:03', 'null'), ('dcbcc8b2c3af4e7a8b23a581f02e093d', 'admin', '2017-01-06 02:05:39', 'null'), ('dccd6f04abb2463a84e77c72c8573681', 'admin', '2016-12-30 17:06:25', ''), ('dd14c2d6b75a4ed097ef5e7f39531780', 'admin', '2017-04-29 14:21:56', ''), ('dd232d6b476a42adbe9208fe65757d6b', 'admin', '2017-05-17 17:41:31', 'null'), ('dd4da8a9d01e4e02acf19ec4d1b5bc4a', 'admin', '2016-12-22 10:30:52', ''), ('dd682d9fada64d098def0d5bb896daf2', 'admin', '2017-04-28 21:23:19', ''), ('dd73e69ea1644258b4230a4796a7b0cb', 'admin', '2017-01-06 02:08:28', ''), ('dd759e2d62a64d1b97df66f882b0695b', 'admin', '2017-01-06 02:05:38', 'null'), ('dd9d2ffc0dd744e38b2bdcd1eb9d71d8', 'admin', '2017-05-15 15:25:48', 'null'), ('ddaf58d68ba84c14b719f802b65a7213', 'admin', '2017-01-06 02:05:39', 'null'), ('de178ff84af8442c88394d653c1423a3', 'admin', '2017-01-06 02:02:58', 'null'), ('de1f36a65243470ea4caaf9d27901208', 'admin', '2016-12-28 10:35:48', ''), ('dea76d222c554a0a9ab4f2c003ef2af2', 'admin', '2016-12-28 11:16:49', ''), ('e00da2b4011a41a69428870848d68833', 'admin', '2017-05-15 15:25:15', 'null'), ('e0e074a19cdb4e2f9db7e7b4b2a90e1d', 'admin', '2017-05-15 15:25:15', 'null'), ('e129f38759304059b92ede1672c4a155', 'admin', '2017-05-17 21:31:06', 'null'), ('e1415a22053f4901af31311fc916a532', 'admin', '2017-05-17 15:24:03', 'null'), ('e267cc659edc4501bdaefe8f7d9f473e', 'admin', '2017-01-02 19:27:35', ''), ('e273652d64064eed88c2f2ea585ef213', 'admin', '2017-01-06 02:08:28', 'null'), ('e2b12463faf9452fac79e921d22334f0', 'admin', '2017-01-31 17:37:56', ''), ('e3ab7e9b4be8451db14cc30afaea62b4', 'admin', '2017-01-06 02:02:57', 'null'), ('e3c7f29ba59e4da3ba1fe57c78aea6ac', 'admin', '2017-05-04 14:06:35', 'null'), ('e3e121ac755c4d5ca929c67d1fc255ef', 'admin', '2017-01-06 02:05:40', 'null'), ('e3f491f62dbf4058957a49e2aeefaed2', 'admin', '2017-04-29 15:52:12', ''), ('e4562adf84584abd939da72f0a5e009c', 'admin', '2017-01-31 17:38:20', 'ID:1'), ('e48119771303488fb98853c26d38d896', 'admin', '2016-12-30 19:05:27', ''), ('e4f8423c32e344509547791da049c88d', 'admin', '2017-01-04 20:37:27', ''), ('e504d7c2127245d4b3c7f89a50536251', 'admin', '2017-05-20 22:40:19', ''), ('e5364c1a2bf34de6aa3f101e94b006d6', 'admin', '2017-05-15 15:21:54', 'null'), ('e537d2ca46e941d38df63a6f815e412f', 'admin', '2017-04-28 22:24:56', ''), ('e53a65d6105e40a8a65fc14736ac6752', 'admin', '2016-12-21 20:52:12', ''), ('e55cab1eb5d24c43909253ca4efc88e5', 'admin', '2017-04-29 01:15:16', ''), ('e59bccc9c26d400eb168bb95f4638bba', 'admin', '2017-05-15 15:25:15', 'null'), ('e5de6e43a6d246ff857fcf434852e708', 'admin', '2016-12-23 09:47:37', ''), ('e5e450e5dbfa4455899df1e871ccf3ca', 'admin', '2017-01-06 02:09:06', 'ID:1'), ('e608692261bd45a7ba1fdb1743cc0f1d', 'admin', '2016-12-25 10:42:11', ''), ('e629b0d0f8aa4272a389ff3752dd958a', 'admin', '2016-12-22 13:46:43', ''), ('e62ef95a6ebe439d8377bb22430c1c26', 'admin', '2017-01-06 02:05:39', 'null'), ('e64b1b956cc7482e8426bc8a21d2d4c2', 'admin', '2017-01-04 20:50:39', ''), ('e64edb77ef4445bfbae0071b981dfb90', 'admin', '2017-01-06 02:02:57', 'null'), ('e66f0f52fee64ec3957b16e6c8a0c77a', 'admin', '2017-06-14 15:24:56', ''), ('e6b2377af6994510aeda34e06bb6c209', 'admin', '2016-12-28 15:03:09', ''), ('e6bfcfb3ab3a4aa3b1827a95df268e50', 'admin', '2017-05-17 21:29:18', 'ID126'), ('e6d29413a78b4e7fbf3e9e836016df78', 'admin', '2016-12-21 16:55:05', ''), ('e6f060c195314d329ea68d03448007d7', 'admin', '2017-01-06 02:02:29', 'null'), ('e7bd5f786648427699e3cd224ec0cbc2', 'admin', '2017-05-17 21:29:27', 'ID127'), ('e7bf3ac392954e509e4c0341f4869a95', 'san', '2016-06-06 02:29:19', ''), ('e84279ff9b034da1a95e0cfb524e3016', 'admin', '2017-05-17 19:07:10', ''), ('e845e19545284f1190f9a35a6c79833c', 'admin', '2016-12-21 15:41:28', ''), ('e89d0d96c4984caea7c02bbc3ad511fe', 'admin', '2017-01-06 02:05:40', 'null'), ('e8c0ac61ea344c09b68c437b6d236264', 'admin', '2017-01-02 22:39:41', ''), ('e9be649c2b7d4390a388b883526c7583', 'admin', '2016-12-25 15:57:52', ''), ('ea2124a53bea4a689e2e93ab45ed93fb', 'admin', '2017-05-17 15:24:03', 'null'), ('ea322d855697435aabc16ae93535792a', 'admin', '2017-05-17 17:41:31', 'null'), ('ea3d0ff9821a4f3493af5d50d54d762b', 'admin', '2017-06-02 18:06:36', ''), ('ea4cbc765d1d4e2f8fea6df4cce655dd', 'admin', '2017-04-28 18:09:53', ''), ('eac011d642944096b73b4a1f0a52b898', 'admin', '2016-12-22 10:33:54', ''), ('eb44de2ff73d467f823bedeaab0fce78', 'admin', '2017-01-06 02:05:40', 'null'), ('eb83d4543e1f424191b22c2602212820', 'admin', '2017-05-31 14:15:04', ''), ('ebab8da46cc84be1afc823381f10110e', 'admin', '2017-01-06 02:05:39', 'null'), ('ebfad7e938a146e1b33b1238c479af23', 'admin', '2017-04-29 00:22:03', ''), ('ec0a10bbb638454a91bc2728cdb14341', 'admin', '2017-05-05 17:50:25', ''), ('eccabba276174a37969d449336152115', 'admin', '2016-12-24 15:29:20', ''), ('ece2ad67d24844dfa3e7255244527f69', 'admin', '2017-01-06 02:13:17', 'null'), ('ece933679d4b4d5d9bbbb12d14ec5525', 'admin', '2017-01-06 02:05:39', 'null'), ('ed68047ead824ca9a177618d8d72eb0e', 'admin', '2016-12-24 15:57:57', ''), ('ed72bae0c6574685bd704db4e7863355', 'admin', '2017-05-15 16:13:04', 'null'), ('edcec13c499c4ce5b58706da5d953338', 'admin', '2016-12-21 15:45:24', ''), ('ee4da1cfd1884c72af1e4bbee8b69204', 'admin', '2017-05-15 15:21:54', 'null'), ('ee6028398ff94e479325f9cf20a06b5c', 'admin', '2017-01-05 22:44:02', ''), ('eea02fabb6c84b78bdd544e678771c76', 'admin', '2017-01-06 02:02:57', 'null'), ('eecfdc45209343c1978670f0874b3303', 'admin', '2017-05-17 21:31:06', 'null'), ('eee66319ca49459f9ae9a185f23c11f8', 'admin', '2017-05-17 17:41:31', 'null'), ('ef16ea9d873647a69ab20fc14f7e26f9', 'admin', '2017-05-15 15:25:49', 'null'), ('ef6d4153617848bab8db1be62a246d1e', 'admin', '2017-04-29 15:26:53', ''), ('ef90d71fda1c4c26a246644ad14bced7', 'admin', '2016-12-29 18:14:05', ''), ('efedcd339649418aa7526050305f9c5e', 'admin', '2017-04-28 21:23:19', 'null'), ('f064a99b3ac040e0b396ab49ad3c0df1', 'admin', '2016-12-21 15:44:31', ''), ('f08009b0023147148ba34541de5e98fb', 'admin', '2017-05-04 14:06:35', 'null'), ('f0822878f7254755a88017942937706c', 'admin', '2017-01-06 02:05:27', 'null'), ('f11859c9cfcf4b21adaf78dbf78359b8', 'admin', '2017-05-15 15:24:21', 'null'), ('f12e77e7ae1b43d293110820740340a1', 'admin', '2016-12-28 18:36:37', ''), ('f13bcb6091cd4d87a15ba09559616a12', 'admin', '2017-01-31 17:31:31', ''), ('f17eb3eb81444992b1043e15b29115d2', 'admin', '2017-04-29 01:14:44', ''), ('f1bad16e22254887811ed303124fd70d', 'admin', '2017-01-06 02:02:29', 'null'), ('f1bf2b0a4026494c881693e1641f13b6', 'admin', '2017-01-06 02:08:28', 'null'), ('f22d214963b143279594f8209ac451b6', 'admin', '2017-05-15 16:11:04', 'null'), ('f248a0c605d8485e9cdf11602aeee352', 'admin', '2017-01-06 02:05:40', 'null'), ('f27169e3d1d44e6986bf48898a6328a7', 'admin', '2017-01-11 20:09:53', ''), ('f2749ead42f146888faf3cffa1bc0665', 'admin', '2017-01-05 17:05:35', ''), ('f29a1ecd694f41449f738b9ba44f7f9c', 'admin', '2016-12-21 20:57:24', ''), ('f2ceba9a1fcd4ddf9f5f20203bebdae0', 'admin', '2017-05-20 15:51:19', ''), ('f2df366d15fa4b7fa6671d902a42230c', 'admin', '2017-01-06 02:05:39', 'null'), ('f2e76c1d86134b53883d84a4910dcb11', 'admin', '2017-05-15 15:25:15', 'null'), ('f3b23c0ab49745ed9c4b4484849207ae', 'admin', '2017-05-20 15:39:03', ''), ('f4090077509e41288da35714791722af', 'admin', '2016-12-21 15:44:16', 'ID:de9de2f006e145a29d52dfadda295353'), ('f41a7488aadf45d7801a0db447a223d8', 'admin', '2017-05-31 20:47:35', 'ID:1'), ('f4d52109079d4ed4b219080fd0affc4d', 'admin', '2017-04-29 01:03:25', ''), ('f4e408252e414ce7959f8c4cff41bb7e', 'admin', '2016-12-21 21:04:04', ''), ('f4f260299b7245069378797f2b05bf98', 'admin', '2016-12-26 09:24:35', ''), ('f510c27f91a94eba993af136c7fdbc32', 'admin', '2017-05-17 17:41:31', 'null'), ('f53774c0e5a34d2f998eef9463a2e3ef', 'admin', '2016-12-23 14:09:20', ''), ('f5fd7e70b86e45f58bdecb8897973b90', 'admin', '2016-12-29 18:02:08', ''), ('f619ceaa5701413d9fa185b03f34bafa', 'admin', '2017-01-06 02:05:40', 'Api'), ('f6b6e9114632444285ca830f3ca401f7', 'admin', '2017-05-15 15:21:54', 'null'), ('f6e0d752400e4b1f964c956804ebe87f', 'admin', '2017-05-21 00:36:37', ''), ('f6ff3579822848419727f70f421bcab0', 'admin', '2017-01-06 02:05:39', 'Api'), ('f774fc1fbd2c4a31b22c66520ed78180', 'admin', '2017-01-06 02:02:29', 'Api'), ('f7e0b589d393454983d6b1962a6a75cb', 'admin', '2017-01-06 02:05:27', 'null'), ('f800bcdb050e40c0bd1f3ea14e337fd3', 'admin', '2016-12-21 15:46:01', ''), ('f862ce13cb734c5a9bbd96f99f9ca947', 'admin', '2016-12-25 16:10:19', ''), ('f895a7d1629f4d35a5d5929a08345679', 'admin', '2017-05-17 17:41:31', 'null'), ('f92f933efd594d7dbebf10bad90ea242', 'admin', '2017-05-17 16:16:59', ''), ('f96df8c2c31d4153af572bb075e05bef', 'admin', '2016-12-21 20:57:59', 'ID:1'), ('f9aef38d99054437b4e202bb606b4263', 'admin', '2017-01-22 12:57:00', ''), ('f9e1408295254749ac313cbc454ab7dc', 'admin', '2017-05-04 14:06:35', 'null'), ('fa5715bb63d344fa966eed899be1b080', 'admin', '2017-05-17 21:32:30', 'ID:1'), ('fa6994b4c4af40eb982e074d27ce601f', 'admin', '2017-05-15 15:24:21', ''), ('fa9c2b153e3c47aa98a2b587f4cfdd46', 'admin', '2017-05-31 17:57:44', ''), ('fb5d4fdbddc74fb9b09e42ce84bc15eb', 'admin', '2016-12-27 09:40:30', ''), ('fb6814dac76f4e10b28fa0ea88889b90', 'admin', '2017-05-15 12:05:13', ''), ('fba2f9cd993943eca8b294fd6185b804', 'admin', '2017-01-06 02:07:25', ''), ('fc13cd69aeea450fbe15bea30dddf2a3', 'admin', '2016-12-25 13:42:27', ''), ('fc27aa74311f4172acc4bf7c1e276aaf', 'admin', '2017-05-15 15:24:25', 'null'), ('fc2ce417c83e48b5ae3bad56539d19f8', 'admin', '2017-01-06 02:05:40', 'null'), ('fc452074c41c43438d5dce37d1912782', 'admin', '2017-05-15 16:22:09', ''), ('fc8c024d8d2a45d6abda50bb2a2548ea', 'admin', '2016-12-22 15:34:18', ''), ('fc8ca664299b43d29ff460c54c7c184a', 'admin', '2017-01-06 02:05:39', 'null'), ('fca73ee589b14c9f8647275a78b16a4b', 'admin', '2017-01-06 02:05:27', 'null'), ('fcb61d9c87d64a0a8a90bb3b165bef93', 'admin', '2017-05-15 15:25:48', ''), ('fcb67b0e620641d1a8220bc9851da4de', 'admin', '2017-04-29 14:32:06', 'ID:1'), ('fcbe06ae58474f66a0a06b47c1a30bad', 'admin', '2017-01-06 02:05:40', 'null'), ('fcd6e7eaad804ae9aabc52743292768b', 'admin', '2017-06-14 15:24:49', ''), ('fd21431167f8481eac4ab9cbc4942f3c', 'admin', '2017-05-31 14:18:21', ''), ('fd82f5ddf2bb42df8abfea6d66ca9769', 'admin', '2017-05-17 21:31:11', 'null'), ('fd94f2987d9342e181d78e9798491009', 'admin', '2016-12-23 17:56:38', ''), ('fd9c042dd5a842f381577115ed30471b', 'admin', '2017-05-17 19:17:35', ''), ('fdab9057cbc846299ffa25a5bddeb0ab', 'admin', '2017-01-06 02:41:45', ''), ('fdbd1a09ff5b4e469418a8c479809a63', 'admin', '2017-01-06 02:05:40', 'null'), ('fe0445aa28da47b496deeb75794b68d1', 'admin', '2017-05-04 12:17:46', ''), ('fe76f6ec25a649e399adf839c239a1d3', 'admin', '2017-06-14 15:27:47', ''), ('fe79ad98d58d41eea263eea8ee882d95', 'admin', '2017-01-05 14:22:07', ''), ('ff123912e07e477f969d32fda6013a7d', 'admin', '2017-01-06 02:05:38', 'null'), ('ff1f8e2cc9d842319156c3171dadba15', 'admin', '2017-01-06 02:05:38', 'null'), ('ff4bc6baf6f542c3a747a7c0aa40e75a', 'admin', '2017-01-05 17:04:41', ''), ('ffb241afc7cc48da994d7428a16a8120', 'admin', '2016-12-21 16:03:19', '');
COMMIT;

-- ----------------------------
--  Table structure for `sys_fhsms`
-- ----------------------------
DROP TABLE IF EXISTS `sys_fhsms`;
CREATE TABLE `sys_fhsms` (
  `FHSMS_ID` varchar(100) NOT NULL,
  `CONTENT` varchar(1000) DEFAULT NULL COMMENT '??',
  `TYPE` varchar(5) DEFAULT NULL COMMENT '??',
  `TO_USERNAME` varchar(255) DEFAULT NULL COMMENT '???',
  `FROM_USERNAME` varchar(255) DEFAULT NULL COMMENT '???',
  `SEND_TIME` varchar(100) DEFAULT NULL COMMENT '????',
  `STATUS` varchar(5) DEFAULT NULL COMMENT '??',
  `SANME_ID` varchar(100) DEFAULT NULL,
  PRIMARY KEY (`FHSMS_ID`)
) ENGINE=InnoDB DEFAULT CHARSET=utf8;

-- ----------------------------
--  Records of `sys_fhsms`
-- ----------------------------
BEGIN;
INSERT INTO `sys_fhsms` VALUES ('05879f5868824f35932ee9f2062adc03', '', '2', 'admin', 'san', '2016-01-25 14:05:31', '1', 'b311e893228f42d5a05dbe16917fd16f'), ('2635dd035c6f4bb5a091abdd784bd899', '', '2', 'san', 'admin', '2016-01-25 14:05:02', '1', '1b7637306683460f89174c2b025862b5'), ('52378ccd4e2d4fe08994d1652af87c68', '', '1', 'admin', 'san', '2016-01-25 16:26:44', '1', '920b20dafdfb4c09b560884eb277c51d'), ('77ed13f9c49a4c4bb460c41b8580dd36', 'gggg', '2', 'admin', 'san', '2016-01-24 21:22:43', '2', 'dd9ee339576e48c5b046b94fa1901d00'), ('98a6869f942042a1a037d9d9f01cb50f', '', '1', 'admin', 'san', '2016-01-25 14:05:02', '1', '1b7637306683460f89174c2b025862b5'), ('9e00295529014b6e8a27019cbccb3da1', '', '1', 'admin', 'san', '2016-01-24 21:22:57', '1', 'a29603d613ea4e54b5678033c1bf70a6'), ('d3aedeb430f640359bff86cd657a8f59', '', '1', 'admin', 'san', '2016-01-24 21:22:12', '1', 'f022fbdce3d845aba927edb698beb90b'), ('e5376b1bd54b489cb7f2203632bd74ec', '', '2', 'admin', 'san', '2016-01-25 14:06:13', '2', 'b347b2034faf43c79b54be4627f3bd2b'), ('e613ac0fcc454f32895a70b747bf4fb5', '', '2', 'admin', 'san', '2016-01-25 16:27:54', '2', 'ce8dc3b15afb40f28090f8b8e13f078d'), ('f25e00cfafe741a3a05e3839b66dc7aa', '', '2', 'san', 'admin', '2016-01-25 16:26:44', '1', '920b20dafdfb4c09b560884eb277c51d');
COMMIT;

-- ----------------------------
--  Table structure for `sys_loginimg`
-- ----------------------------
DROP TABLE IF EXISTS `sys_loginimg`;
CREATE TABLE `sys_loginimg` (
  `LOGINIMG_ID` varchar(100) NOT NULL,
  `NAME` varchar(30) DEFAULT NULL COMMENT '???',
  `FILEPATH` varchar(100) DEFAULT NULL COMMENT '??',
  `TYPE` int(2) NOT NULL COMMENT '??',
  `FORDER` int(3) NOT NULL COMMENT '??',
  PRIMARY KEY (`LOGINIMG_ID`)
) ENGINE=InnoDB DEFAULT CHARSET=utf8;

-- ----------------------------
--  Table structure for `sys_menu`
-- ----------------------------
DROP TABLE IF EXISTS `sys_menu`;
CREATE TABLE `sys_menu` (
  `MENU_ID` int(11) NOT NULL,
  `MENU_NAME` varchar(255) DEFAULT NULL,
  `MENU_URL` varchar(255) DEFAULT NULL,
  `PARENT_ID` varchar(100) DEFAULT NULL,
  `MENU_ORDER` varchar(100) DEFAULT NULL,
  `MENU_ICON` varchar(60) DEFAULT NULL,
  `MENU_TYPE` varchar(10) DEFAULT NULL,
  `MENU_STATE` int(1) DEFAULT NULL,
  PRIMARY KEY (`MENU_ID`)
) ENGINE=InnoDB DEFAULT CHARSET=utf8;

-- ----------------------------
--  Records of `sys_menu`
-- ----------------------------
BEGIN;
INSERT INTO `sys_menu` VALUES ('1', '', '#', '0', '1', 'menu-icon fa fa-desktop blue', '2', '1'), ('2', '', '#', '1', '1', 'menu-icon fa fa-lock black', '1', '1'), ('3', '', 'fhlog/list.do', '1', '6', 'menu-icon fa fa-book blue', '1', '1'), ('4', '', 'fhfile/list.do', '59', '3', 'menu-icon fa fa-folder-open purple', '1', '1'), ('6', '', '#', '1', '5', 'menu-icon fa fa-credit-card green', '2', '1'), ('7', '', '#', '6', '1', 'menu-icon fa fa-folder-o pink', '2', '1'), ('8', '', 'druid/index.html', '9', '8', 'menu-icon fa fa-tachometer red', '1', '1'), ('9', '', '#', '1', '3', 'menu-icon fa fa-cog black', '2', '1'), ('10', '', 'tool/interfaceTest.do', '9', '2', 'menu-icon fa fa-exchange green', '1', '1'), ('11', '', 'tool/goSendEmail.do', '9', '3', 'menu-icon fa fa-envelope-o green', '1', '1'), ('12', '', 'tool/goTwoDimensionCode.do', '9', '4', 'menu-icon fa fa-barcode green', '1', '1'), ('14', '', 'tool/map.do', '9', '6', 'menu-icon fa fa-globe black', '1', '1'), ('15', '', '#', '1', '4', 'menu-icon fa fa-comments purple', '2', '1'), ('16', '', 'textmsg/list.do', '15', '2', 'menu-icon fa fa-comment green', '2', '1'), ('17', '', 'command/list.do', '15', '4', 'menu-icon fa fa-comment grey', '2', '1'), ('18', '', 'imgmsg/list.do', '15', '3', 'menu-icon fa fa-comment pink', '2', '1'), ('19', '', 'textmsg/goSubscribe.do', '15', '1', 'menu-icon fa fa-comment orange', '2', '1'), ('20', '', 'onlinemanager/list.do', '1', '5', 'menu-icon fa fa-laptop green', '1', '1'), ('21', '', 'tool/printTest.do', '9', '7', 'menu-icon fa fa-hdd-o grey', '1', '1'), ('22', '', '#', '0', '10', 'menu-icon fa fa-fire orange', '2', '0'), ('23', '', '#', '22', '1', 'menu-icon fa fa-leaf black', '1', '1'), ('24', '', '#', '23', '1', 'menu-icon fa fa-leaf black', '1', '1'), ('30', '', '#', '24', '1', 'menu-icon fa fa-leaf black', '1', '1'), ('31', '1', '#', '30', '1', 'menu-icon fa fa-leaf black', '1', '1'), ('32', '2', '#', '30', '2', 'menu-icon fa fa-leaf black', '1', '1'), ('33', '', '#', '31', '1', 'menu-icon fa fa-leaf black', '1', '1'), ('34', '2', 'login_default.do', '31', '2', 'menu-icon fa fa-leaf black', '1', '1'), ('35', '2', 'login_default.do', '24', '2', 'menu-icon fa fa-leaf black', '1', '1'), ('36', '()', 'role.do', '2', '1', 'menu-icon fa fa-key orange', '1', '1'), ('37', '', 'buttonrights/list.do', '2', '2', 'menu-icon fa fa-key green', '1', '1'), ('38', '', 'menu/listAllMenu.do', '1', '3', 'menu-icon fa fa-folder-open-o brown', '1', '1'), ('39', '', 'fhbutton/list.do', '1', '2', 'menu-icon fa fa-download orange', '1', '1'), ('40', '', '#', '1', '2', 'menu-icon fa fa-users blue', '2', '1'), ('41', '', 'user/listUsers.do', '40', '1', 'menu-icon fa fa-users green', '1', '1'), ('42', '', 'happuser/listUsers.do', '122', '2', 'menu-icon fa fa-users orange', '1', '1'), ('43', '', 'dictionaries/listAllDict.do?DICTIONARIES_ID=0', '1', '4', 'menu-icon fa fa-book purple', '1', '1'), ('44', '', '#', '9', '0', 'menu-icon fa fa-cogs brown', '1', '1'), ('45', '1', '#', '33', '1', 'menu-icon fa fa-leaf black', '1', '1'), ('46', '2', '#', '33', '2', 'menu-icon fa fa-leaf black', '1', '1'), ('47', '', 'login_default.do', '45', '1', 'menu-icon fa fa-leaf black', '1', '1'), ('48', '', ' tool/fusionchartsdemo.do', '9', '5', 'menu-icon fa fa-bar-chart-o black', '1', '1'), ('50', '', 'fhsms/list.do', '6', '3', 'menu-icon fa fa-envelope green', '1', '1'), ('51', '', 'pictures/list.do', '7', '1', 'menu-icon fa fa-folder-open-o green', '1', '1'), ('52', '', 'pictures/goImageCrawler.do', '7', '2', 'menu-icon fa fa-cloud-download green', '1', '1'), ('53', '', 'tool/goFormbuilder.do', '9', '1', 'menu-icon fa fa-leaf black', '1', '1'), ('54', '', '#', '1', '9', 'menu-icon fa fa-hdd-o blue', '2', '1'), ('55', '', 'brdb/listAllTable.do', '54', '1', 'menu-icon fa fa-cloud-upload blue', '1', '1'), ('56', '', 'brdb/list.do', '54', '3', 'menu-icon fa fa-cloud-download blue', '1', '1'), ('57', '', 'timingbackup/list.do', '54', '2', 'menu-icon fa fa-tachometer blue', '1', '1'), ('58', 'SQL', 'sqledit/view.do', '54', '4', 'menu-icon fa fa-pencil-square-o blue', '1', '1'), ('59', '', '#', '0', '6', 'menu-icon fa fa-laptop pink', '2', '1'), ('60', '', 'department/listAllDepartment.do?DEPARTMENT_ID=0', '59', '1', 'menu-icon fa fa-users green', '1', '1'), ('61', '', 'recreateCode/list.do', '44', '2', 'menu-icon fa fa-cogs blue', '1', '1'), ('62', '', 'createCode/list.do', '44', '1', 'menu-icon fa fa-cogs green', '1', '1'), ('63', '', 'attached/list.do', '6', '2', 'menu-icon fa fa-folder-open blue', '1', '1'), ('64', '', 'staff/list.do', '59', '2', 'menu-icon fa fa-users blue', '1', '1'), ('65', '', 'datasource2/list.do', '6', '4', 'menu-icon fa fa-folder-open-o purple', '1', '1'), ('66', '', 'linkage/view.do', '6', '5', 'menu-icon fa fa-exchange green', '1', '1'), ('67', '', '#', '0', '1', 'menu-icon fa fa-leaf black', '2', '1'), ('117', '', '#', '9', '1', 'menu-icon fa fa-exchange red', '1', '1'), ('118', '', 'bpmmodel/list.do', '117', '1', 'menu-icon fa fa-leaf black', '1', '1'), ('119', '', 'storemanager/list.do', '67', '99', 'menu-icon fa fa-leaf black', '1', '1'), ('122', '', '#', '0', '2', 'menu-icon fa fa-users orange', '2', '1'), ('123', '', 'membercard/list.do', '122', '99', 'menu-icon fa fa-leaf black', '1', '1'), ('124', '', 'integral/list.do', '122', '99', 'menu-icon fa fa-leaf black', '1', '1'), ('128', '', 'settle/settlement.do', '136', '9', 'menu-icon fa fa-credit-card green', '1', '1'), ('130', '', '#', '0', '09', 'menu-icon fa fa-bar-chart-o green', '2', '1'), ('131', 'D3Simple', 'd3exmple/index.html', '130', '01', 'menu-icon fa fa-tachometer blue', '1', '1'), ('132', '', 'prudoct/list.do', '135', '01', 'menu-icon fa fa-leaf black', '1', '1'), ('133', '', 'prudoct/brandlist.do', '135', '09', 'menu-icon fa fa-leaf black', '1', '1'), ('134', '', 'prudoct/categorylist.do', '135', '09', 'menu-icon fa fa-leaf black', '1', '1'), ('135', '', '#', '0', '09', 'menu-icon fa fa-book black', '2', '1'), ('136', '', '#', '0', '08', 'menu-icon fa fa-credit-card black', '2', '1'), ('137', '', 'management/list.do', '136', '99', 'menu-icon fa fa-leaf black', '1', '1'), ('138', '', 'paymenttype/list.do', '136', '99', 'menu-icon fa fa-leaf black', '1', '1'), ('139', '', '#', '0', '09', 'menu-icon fa fa-tachometer black', '2', '1'), ('140', '', 'transaction/list.do', '139', '99', 'menu-icon fa fa-leaf black', '1', '1'), ('141', '', 'manager/list.do', '139', '99', 'menu-icon fa fa-leaf black', '1', '1'), ('142', '', 'reportmanager/wizards.do', '139', '01', 'menu-icon fa fa-leaf black', '1', '1'), ('143', '', 'codetemplate/list.do', '1', '99', 'menu-icon fa fa-leaf black', '1', '1');
COMMIT;

-- ----------------------------
--  Table structure for `sys_role`
-- ----------------------------
DROP TABLE IF EXISTS `sys_role`;
CREATE TABLE `sys_role` (
  `ROLE_ID` varchar(100) NOT NULL,
  `ROLE_NAME` varchar(100) DEFAULT NULL,
  `RIGHTS` varchar(255) DEFAULT NULL,
  `PARENT_ID` varchar(100) DEFAULT NULL,
  `ADD_QX` varchar(255) DEFAULT NULL,
  `DEL_QX` varchar(255) DEFAULT NULL,
  `EDIT_QX` varchar(255) DEFAULT NULL,
  `CHA_QX` varchar(255) DEFAULT NULL,
  PRIMARY KEY (`ROLE_ID`)
) ENGINE=InnoDB DEFAULT CHARSET=utf8;

-- ----------------------------
--  Records of `sys_role`
-- ----------------------------
BEGIN;
INSERT INTO `sys_role` VALUES ('1', '', '22299762732888238615591453393597160155504606', '0', '1', '1', '1', '1'), ('115b386ff04f4352b060dffcd2b5d1da', '', '', '2', '0', '0', '0', '0'), ('1b67fc82ce89457a8347ae53e43a347e', '', '', '2', '0', '0', '0', '0'), ('2', '', '', '0', '0', '0', '0', '1'), ('3', '', '442721857769029238784', '1', '', '0', '0', '0'), ('3264c8e83d0248bb9e3ea6195b4c0216', '', '590295247407712034782', '1', '36892925196425486294', '36892925196425486294', '36892925196425486294', '36892925196425486294'), ('46294b31a71c4600801724a6eb06bb26', '', '', '0', '0', '0', '0', '0'), ('5466347ac07044cb8d82990ec7f3a90e', '', '', '46294b31a71c4600801724a6eb06bb26', '0', '0', '0', '0'), ('68f8e4a39efe47c7bb869e9d15ab925d', '', '516508271112873828294', '1', '0', '0', '2251798773489606', '0'), ('856849f422774ad390a4e564054d8cc8', '', '', '46294b31a71c4600801724a6eb06bb26', '0', '0', '0', '0'), ('8b70a7e67f2841e7aaba8a4d92e5ff6f', '', '', '2', '0', '0', '0', '0'), ('c21cecf84048434b93383182b1d98cba', '', '', '46294b31a71c4600801724a6eb06bb26', '0', '0', '0', '0'), ('d449195cd8e7491080688c58e11452eb', '', '', '46294b31a71c4600801724a6eb06bb26', '0', '0', '0', '0'), ('de9de2f006e145a29d52dfadda295353', '', '516508271112873828294', '1', '0', '0', '0', '0');
COMMIT;

-- ----------------------------
--  Table structure for `sys_role_fhbutton`
-- ----------------------------
DROP TABLE IF EXISTS `sys_role_fhbutton`;
CREATE TABLE `sys_role_fhbutton` (
  `RB_ID` varchar(100) NOT NULL,
  `ROLE_ID` varchar(100) DEFAULT NULL,
  `BUTTON_ID` varchar(100) DEFAULT NULL,
  PRIMARY KEY (`RB_ID`),
  KEY `?????` (`ROLE_ID`) USING BTREE,
  KEY `fbutton` (`BUTTON_ID`),
  CONSTRAINT `sys_role_fhbutton_ibfk_1` FOREIGN KEY (`BUTTON_ID`) REFERENCES `sys_fhbutton` (`FHBUTTON_ID`) ON DELETE CASCADE ON UPDATE CASCADE,
  CONSTRAINT `sys_role_fhbutton_ibfk_2` FOREIGN KEY (`ROLE_ID`) REFERENCES `sys_role` (`ROLE_ID`) ON DELETE CASCADE ON UPDATE CASCADE
) ENGINE=InnoDB DEFAULT CHARSET=utf8;

-- ----------------------------
--  Records of `sys_role_fhbutton`
-- ----------------------------
BEGIN;
INSERT INTO `sys_role_fhbutton` VALUES ('1743733f366240c693c4295b527d1b0e', 'de9de2f006e145a29d52dfadda295353', '4efa162fce8340f0bd2dcd3b11d327ec'), ('469ffb4848ad49c389867d99560a4698', 'de9de2f006e145a29d52dfadda295353', '46992ea280ba4b72b29dedb0d4bc0106'), ('4ee1e2bc03a64ef1bc578fcf2e2ea2c1', '68f8e4a39efe47c7bb869e9d15ab925d', '3542adfbda73410c976e185ffe50ad06'), ('5669c8754b4d4e368365ed5065f9fc10', '3264c8e83d0248bb9e3ea6195b4c0216', '3542adfbda73410c976e185ffe50ad06'), ('6cc655a1f9b746eea6af9df540f8e743', '3', 'da7fd386de0b49ce809984f5919022b8'), ('74203935bfa34ce3b9b80e81f2a2bcfe', '68f8e4a39efe47c7bb869e9d15ab925d', '4efa162fce8340f0bd2dcd3b11d327ec'), ('81d31bc5bf02490a85ce496b6755ef26', '3', '46992ea280ba4b72b29dedb0d4bc0106'), ('8231c216fb514b4188e4162e629c6237', '3264c8e83d0248bb9e3ea6195b4c0216', '4efa162fce8340f0bd2dcd3b11d327ec'), ('88f66a65ee1642bea7979e0e1050ac5f', '3', '4efa162fce8340f0bd2dcd3b11d327ec'), ('8e478e8615ee455e95671ba05a29e457', 'de9de2f006e145a29d52dfadda295353', '3542adfbda73410c976e185ffe50ad06'), ('91958c938bfe4a5fb7b18c7c6a871848', '3264c8e83d0248bb9e3ea6195b4c0216', 'fc5e8767b4564f34a0d2ce2375fcc92e'), ('9c30cc6b58da480b83c8566f83f9f639', '3', 'fc5e8767b4564f34a0d2ce2375fcc92e'), ('a45f54074f634b698038455f204faf26', 'de9de2f006e145a29d52dfadda295353', 'da7fd386de0b49ce809984f5919022b8'), ('cebf4460cdb64161aa158baae84962fa', 'de9de2f006e145a29d52dfadda295353', 'fc5e8767b4564f34a0d2ce2375fcc92e'), ('d51dc41918b040a78a021c9a43caf8d5', '68f8e4a39efe47c7bb869e9d15ab925d', 'da7fd386de0b49ce809984f5919022b8'), ('d80abc961d594f75b65e90d5b7437aa9', '3', 'cc51b694d5344d28a9aa13c84b7166cd'), ('f0329033d0914faf8ea6e9ff252cc5e6', '68f8e4a39efe47c7bb869e9d15ab925d', '46992ea280ba4b72b29dedb0d4bc0106'), ('f627982cc9d4479dbc03af726dc6ac58', 'de9de2f006e145a29d52dfadda295353', 'cc51b694d5344d28a9aa13c84b7166cd'), ('f919c1f620634bdaa353a9f63194a2e0', '3', '3542adfbda73410c976e185ffe50ad06');
COMMIT;

-- ----------------------------
--  Table structure for `sys_user`
-- ----------------------------
DROP TABLE IF EXISTS `sys_user`;
CREATE TABLE `sys_user` (
  `USER_ID` varchar(100) NOT NULL,
  `USERNAME` varchar(255) DEFAULT NULL,
  `PASSWORD` varchar(255) DEFAULT NULL,
  `NAME` varchar(255) DEFAULT NULL,
  `RIGHTS` varchar(255) DEFAULT NULL,
  `ROLE_ID` varchar(100) DEFAULT NULL,
  `LAST_LOGIN` varchar(255) DEFAULT NULL,
  `IP` varchar(100) DEFAULT NULL,
  `STATUS` varchar(32) DEFAULT NULL,
  `BZ` varchar(255) DEFAULT NULL,
  `SKIN` varchar(100) DEFAULT NULL,
  `EMAIL` varchar(32) DEFAULT NULL,
  `NUMBER` varchar(100) DEFAULT NULL,
  `PHONE` varchar(32) DEFAULT NULL,
  PRIMARY KEY (`USER_ID`)
) ENGINE=InnoDB DEFAULT CHARSET=utf8;

-- ----------------------------
--  Records of `sys_user`
-- ----------------------------
BEGIN;
INSERT INTO `sys_user` VALUES ('065202edd0cc44188e9c59c07b4742e1', 'f5', 'ee799c79f95442fe304a9a8f62d3988ae034cde8', 'f5', '', '3', '', '', '0', '', 'default', '12121212@qq.com', '', ''), ('1', 'admin', 'de41b7fb99201d8334c23c014db35ecd92df81bc', '', '1133671055321055258374707980945218933803269864762743594642571294', '1', '2017-06-14 15:59:24', '0:0:0:0:0:0:0:1', '0', 'admin', 'default', 'QQ313596790@main.com', '001', '18788888888'), ('151aeac5570e4059b06329b65095f6a6', 'w5', 'b59f639d71549e18865961c6872a6140dcbb3c6c', 'ssssw', '', 'de9de2f006e145a29d52dfadda295353', '', '', '0', '121312', 'default', '121212121@qq.com', '21312312', '13798585856'), ('280417faf62348ad82de85fa82206c85', 'w3', 'd77c1e457d6af24fa0bf31f0c08c331aaa15fd44', 'kkl', '', '68f8e4a39efe47c7bb869e9d15ab925d', '', '', '0', 'q1', 'default', '25222222@qq.com', '33656', '13796586965'), ('456a34455b1241ebb7c373e4a245694c', 'f3', '2002cd759cf57a4eacdfe45110a76cf2a517c5fd', '111', '', '3', '', '', '0', '', 'default', '111@qq.com', '', ''), ('69177258a06e4927b4639ab1684c3320', 'san', '47c4a8dc64ac2f0bb46bbd8813b037c9718f9349', '', '', '3264c8e83d0248bb9e3ea6195b4c0216', '2016-06-06 03:09:10', '127.0.0.1', '0', '111', 'default', '978336446@qq.com', '333', '13562202556'), ('69a8805832814c78b61563b6e787bd40', 'w2', 'a5815a141484a0a71ac71a11ca2faf5f7c67e8e7', 'wwqw', '', 'de9de2f006e145a29d52dfadda295353', '', '', '0', '1121', 'default', '12111111@qq.com', '121212', '13562202225'), ('896496bf0906410d8495110e1b14f69e', 'oo1', '6a3833e90aeb440deba899cc9b39fbc79c18a946', 'D1', '', '68f8e4a39efe47c7bb869e9d15ab925d', '', '', '0', '121', 'default', 'pppp@qq.com', '12ww', '13793758969'), ('9991f4d7782a4ccfb8a65bd96ea7aafa', 'lisi', '2612ade71c1e48cd7150b5f4df152faa699cedfe', '', '', '3264c8e83d0248bb9e3ea6195b4c0216', '2016-06-02 23:51:57', '127.0.0.1', '0', '', 'default', '313596790@qq.com', '1102', '13566233663'), ('9a89f6cd9b654b71b39c6f8c6a54d6df', 's2', '796927602c27126ba11cb413b8549e8dc9c20fad', 'qwq', '', 'de9de2f006e145a29d52dfadda295353', '', '', '0', 'qq1', 'default', 'wwwwww@qq.com', '121211212', '13797858569'), ('e128d0b8807b4a128d6390c44a6accef', 'tt1', '92617286a7ea59a8674463ea055e4fc727fb62b4', 'sss', '', '68f8e4a39efe47c7bb869e9d15ab925d', '', '', '0', 'ww', 'default', 'qqqqq@qq.com', '122121', '13793736586'), ('e29149962e944589bb7da23ad18ddeed', 'zhangsan', 'c2da1419caf053885c492e10ebde421581cdc03f', '', '', '3264c8e83d0248bb9e3ea6195b4c0216', '', '', '0', '', 'default', 'zhangsan@www.com', '1101', '2147483647'), ('e4a6c22ca4244d18ab969367677f5d5a', 'f1', '172179e343c5a9e153d41a658821556da74d1926', 'FH', '', '3', '2016-05-10 17:25:52', '127.0.0.1', '0', '', 'default', 'fhadmin@183.com', '', ''), ('eded77bdf35347249b2bacfa181c869d', 'w1', 'c46e5c325e9edfbf213d5d82018ba3c522eabbea', '1212', '', '68f8e4a39efe47c7bb869e9d15ab925d', '', '', '0', '111', 'default', '1111116@qq.com', '112', '13566625555');
COMMIT;

-- ----------------------------
--  Table structure for `sys_userphoto`
-- ----------------------------
DROP TABLE IF EXISTS `sys_userphoto`;
CREATE TABLE `sys_userphoto` (
  `USERPHOTO_ID` varchar(100) NOT NULL,
  `USERNAME` varchar(30) DEFAULT NULL COMMENT '???',
  `PHOTO0` varchar(255) DEFAULT NULL COMMENT '??',
  `PHOTO1` varchar(100) DEFAULT NULL COMMENT '??1',
  `PHOTO2` varchar(100) DEFAULT NULL COMMENT '??2',
  `PHOTO3` varchar(100) DEFAULT NULL COMMENT '??3',
  PRIMARY KEY (`USERPHOTO_ID`)
) ENGINE=InnoDB DEFAULT CHARSET=utf8;

-- ----------------------------
--  Table structure for `tb_attached`
-- ----------------------------
DROP TABLE IF EXISTS `tb_attached`;
CREATE TABLE `tb_attached` (
  `ATTACHED_ID` varchar(100) NOT NULL,
  `NAME` varchar(255) DEFAULT NULL COMMENT '??',
  `FDESCRIBE` varchar(255) DEFAULT NULL COMMENT '??',
  `PRICE` double(11,2) DEFAULT NULL COMMENT '??',
  `CTIME` varchar(32) DEFAULT NULL COMMENT '????',
  PRIMARY KEY (`ATTACHED_ID`)
) ENGINE=InnoDB DEFAULT CHARSET=utf8;

-- ----------------------------
--  Records of `tb_attached`
-- ----------------------------
BEGIN;
INSERT INTO `tb_attached` VALUES ('60d05d8e7d9046a4893f8bdaa34d6488', 'eee', 'ee', '22.00', '2016-04-22 15:33:23'), ('d74b6f507e784607b8f85e31e3cfad22', 'AA', 'aaa', '222.00', '2016-04-17 18:20:41');
COMMIT;

-- ----------------------------
--  Table structure for `tb_attachedmx`
-- ----------------------------
DROP TABLE IF EXISTS `tb_attachedmx`;
CREATE TABLE `tb_attachedmx` (
  `ATTACHEDMX_ID` varchar(100) NOT NULL,
  `NAME` varchar(255) DEFAULT NULL COMMENT '??',
  `TITLE` varchar(255) DEFAULT NULL COMMENT '??',
  `CTIME` varchar(32) DEFAULT NULL COMMENT '????',
  `PRICE` double(11,2) DEFAULT NULL COMMENT '??',
  `ATTACHED_ID` varchar(100) DEFAULT NULL,
  PRIMARY KEY (`ATTACHEDMX_ID`)
) ENGINE=InnoDB DEFAULT CHARSET=utf8;

-- ----------------------------
--  Records of `tb_attachedmx`
-- ----------------------------
BEGIN;
INSERT INTO `tb_attachedmx` VALUES ('04717d1a034c4e51aacd5e062a4c63bd', 'ddd', 'ddd', '2016-03-29', '111.00', 'd74b6f507e784607b8f85e31e3cfad22'), ('7992c783fd0b476d90be363858a941ba', 'ddd', 'ddsds', '2016-04-06', '222.00', 'd74b6f507e784607b8f85e31e3cfad22');
COMMIT;

-- ----------------------------
--  Table structure for `tb_pictures`
-- ----------------------------
DROP TABLE IF EXISTS `tb_pictures`;
CREATE TABLE `tb_pictures` (
  `PICTURES_ID` varchar(100) NOT NULL,
  `TITLE` varchar(255) DEFAULT NULL COMMENT '??',
  `NAME` varchar(255) DEFAULT NULL COMMENT '???',
  `PATH` varchar(255) DEFAULT NULL COMMENT '??',
  `CREATETIME` varchar(100) DEFAULT NULL COMMENT '????',
  `MASTER_ID` varchar(255) DEFAULT NULL COMMENT '??',
  `BZ` varchar(255) DEFAULT NULL COMMENT '??',
  PRIMARY KEY (`PICTURES_ID`)
) ENGINE=InnoDB DEFAULT CHARSET=utf8;

-- ----------------------------
--  Table structure for `weixin_command`
-- ----------------------------
DROP TABLE IF EXISTS `weixin_command`;
CREATE TABLE `weixin_command` (
  `COMMAND_ID` varchar(100) NOT NULL,
  `KEYWORD` varchar(255) DEFAULT NULL COMMENT '???',
  `COMMANDCODE` varchar(255) DEFAULT NULL COMMENT '????',
  `CREATETIME` varchar(255) DEFAULT NULL COMMENT '????',
  `STATUS` int(1) NOT NULL COMMENT '??',
  `BZ` varchar(255) DEFAULT NULL COMMENT '??',
  PRIMARY KEY (`COMMAND_ID`)
) ENGINE=InnoDB DEFAULT CHARSET=utf8;

-- ----------------------------
--  Records of `weixin_command`
-- ----------------------------
BEGIN;
INSERT INTO `weixin_command` VALUES ('2636750f6978451b8330874c9be042c2', '', 'rundll32.exe user32.dll,LockWorkStation', '2015-05-10 21:25:06', '1', ''), ('46217c6d44354010823241ef484f7214', '', 'C:/Program Files/Internet Explorer/iexplore.exe', '2015-05-09 02:43:02', '1', ''), ('576adcecce504bf3bb34c6b4da79a177', '', 'taskkill /f /im iexplore.exe', '2015-05-09 02:36:48', '2', ''), ('854a157c6d99499493f4cc303674c01f', 'QQ', 'taskkill /f /im qq.exe', '2015-05-10 21:25:46', '1', 'QQ'), ('ab3a8c6310ca4dc8b803ecc547e55ae7', 'QQ', 'D:/SOFT/QQ/QQ/Bin/qq.exe', '2015-05-10 21:25:25', '1', 'QQ');
COMMIT;

-- ----------------------------
--  Table structure for `weixin_imgmsg`
-- ----------------------------
DROP TABLE IF EXISTS `weixin_imgmsg`;
CREATE TABLE `weixin_imgmsg` (
  `IMGMSG_ID` varchar(100) NOT NULL,
  `KEYWORD` varchar(255) DEFAULT NULL COMMENT '???',
  `CREATETIME` varchar(100) DEFAULT NULL COMMENT '????',
  `STATUS` int(11) NOT NULL COMMENT '??',
  `BZ` varchar(255) DEFAULT NULL COMMENT '??',
  `TITLE1` varchar(255) DEFAULT NULL COMMENT '??1',
  `DESCRIPTION1` varchar(255) DEFAULT NULL COMMENT '??1',
  `IMGURL1` varchar(255) DEFAULT NULL COMMENT '????1',
  `TOURL1` varchar(255) DEFAULT NULL COMMENT '???1',
  `TITLE2` varchar(255) DEFAULT NULL COMMENT '??2',
  `DESCRIPTION2` varchar(255) DEFAULT NULL COMMENT '??2',
  `IMGURL2` varchar(255) DEFAULT NULL COMMENT '????2',
  `TOURL2` varchar(255) DEFAULT NULL COMMENT '???2',
  `TITLE3` varchar(255) DEFAULT NULL COMMENT '??3',
  `DESCRIPTION3` varchar(255) DEFAULT NULL COMMENT '??3',
  `IMGURL3` varchar(255) DEFAULT NULL COMMENT '????3',
  `TOURL3` varchar(255) DEFAULT NULL COMMENT '???3',
  `TITLE4` varchar(255) DEFAULT NULL COMMENT '??4',
  `DESCRIPTION4` varchar(255) DEFAULT NULL COMMENT '??4',
  `IMGURL4` varchar(255) DEFAULT NULL COMMENT '????4',
  `TOURL4` varchar(255) DEFAULT NULL COMMENT '???4',
  `TITLE5` varchar(255) DEFAULT NULL COMMENT '??5',
  `DESCRIPTION5` varchar(255) DEFAULT NULL COMMENT '??5',
  `IMGURL5` varchar(255) DEFAULT NULL COMMENT '????5',
  `TOURL5` varchar(255) DEFAULT NULL COMMENT '???5',
  `TITLE6` varchar(255) DEFAULT NULL COMMENT '??6',
  `DESCRIPTION6` varchar(255) DEFAULT NULL COMMENT '??6',
  `IMGURL6` varchar(255) DEFAULT NULL COMMENT '????6',
  `TOURL6` varchar(255) DEFAULT NULL COMMENT '???6',
  `TITLE7` varchar(255) DEFAULT NULL COMMENT '??7',
  `DESCRIPTION7` varchar(255) DEFAULT NULL COMMENT '??7',
  `IMGURL7` varchar(255) DEFAULT NULL COMMENT '????7',
  `TOURL7` varchar(255) DEFAULT NULL COMMENT '???7',
  `TITLE8` varchar(255) DEFAULT NULL COMMENT '??8',
  `DESCRIPTION8` varchar(255) DEFAULT NULL COMMENT '??8',
  `IMGURL8` varchar(255) DEFAULT NULL COMMENT '????8',
  `TOURL8` varchar(255) DEFAULT NULL COMMENT '???8',
  PRIMARY KEY (`IMGMSG_ID`)
) ENGINE=InnoDB DEFAULT CHARSET=utf8;

-- ----------------------------
--  Records of `weixin_imgmsg`
-- ----------------------------
BEGIN;
INSERT INTO `weixin_imgmsg` VALUES ('380b2cb1f4954315b0e20618f7b5bd8f', '', '2015-05-10 20:51:09', '1', '', '', '', 'http://a.hiphotos.baidu.com/image/h%3D360/sign=c6c7e73ebc389b5027ffe654b535e5f1/a686c9177f3e6709392bb8df3ec79f3df8dc55e3.jpg', 'www.baidu.com', '', '', '', '', '', '', '', '', '', '', '', '', '', '', '', '', '', '', '', '', '', '', '', '', '', '', '', '');
COMMIT;

-- ----------------------------
--  Table structure for `weixin_textmsg`
-- ----------------------------
DROP TABLE IF EXISTS `weixin_textmsg`;
CREATE TABLE `weixin_textmsg` (
  `TEXTMSG_ID` varchar(100) NOT NULL,
  `KEYWORD` varchar(255) DEFAULT NULL COMMENT '???',
  `CONTENT` varchar(255) DEFAULT NULL COMMENT '??',
  `CREATETIME` varchar(100) DEFAULT NULL COMMENT '????',
  `STATUS` int(2) DEFAULT NULL COMMENT '??',
  `BZ` varchar(255) DEFAULT NULL COMMENT '??',
  PRIMARY KEY (`TEXTMSG_ID`)
) ENGINE=InnoDB DEFAULT CHARSET=utf8;

-- ----------------------------
--  Records of `weixin_textmsg`
-- ----------------------------
BEGIN;
INSERT INTO `weixin_textmsg` VALUES ('695cd74779734231928a253107ab0eeb', '', '', '2015-05-10 22:52:27', '1', ''), ('d4738af7aea74a6ca1a5fb25a98f9acb', '', '', '2015-05-11 02:12:36', '1', '');
COMMIT;

SET FOREIGN_KEY_CHECKS = 1;
